,0,1,2,3,4,5,6,7,8,9,10,11,12,13,14,15,16,17,18,19,20,21,22,23,24,25,26,27,28,29,30,31,32,33,34,35,36,37
Unnamed: 0,1049.9411764705883,988.2413793103449,996.304347826087,1065.9310344827586,999.1081081081081,304.1111111111111,989.0172413793103,926.9848484848485,877.2954545454545,1209.7777777777778,1074.25,1158.040404040404,1134.45,874.0434782608696,1165.17,1146.25,1061.625,1358.41,1059.3,1184.44,1295.03,497.5238095238095,531.8095238095239,1016.74,1516.4444444444443,1119.5,531.8028169014085,1116.14,784.0512820512821,979.5909090909091,1643.86,1298.6565656565656,920.5555555555555,884.171875,1058.967741935484,981.5714285714286,964.5959595959596,1196.2533333333333
Unnamed: 0.1,1049.9411764705883,988.2413793103449,996.304347826087,1065.9310344827586,999.1081081081081,304.1111111111111,989.0172413793103,926.9848484848485,877.2954545454545,1209.7777777777778,1074.25,1158.040404040404,1134.45,874.0434782608696,1165.17,1146.25,1061.625,1358.41,1059.3,1184.44,1295.03,497.5238095238095,531.8095238095239,1016.74,1516.4444444444443,1119.5,531.8028169014085,1116.14,784.0512820512821,979.5909090909091,1643.86,1298.6565656565656,920.5555555555555,884.171875,1058.967741935484,981.5714285714286,964.5959595959596,1196.2533333333333
popularity,61.64705882352941,80.06896551724138,65.52173913043478,67.55172413793103,63.83783783783784,43.55555555555556,25.82758620689655,54.10606060606061,46.18181818181818,58.21212121212121,58.142857142857146,66.8989898989899,48.37,61.17391304347826,51.5,59.61904761904762,61.9125,63.37,47.92,60.65,51.23,46.523809523809526,38.30952380952381,55.92,62.44444444444444,58.0,51.901408450704224,50.52,58.41025641025641,59.81818181818182,49.01,50.707070707070706,62.4,66.328125,64.38709677419355,61.57142857142857,64.94949494949495,60.82666666666667
explicit,0.17647058823529413,0.9655172413793104,0.8260869565217391,0.6551724137931034,0.35135135135135137,0.0,0.9482758620689655,0.5757575757575758,0.6136363636363636,0.26262626262626265,0.75,0.2222222222222222,0.8,0.6956521739130435,0.93,0.5357142857142857,0.5,0.47,0.75,0.53,0.0,0.0,0.0,0.23,0.0,0.0,0.7887323943661971,0.89,0.6666666666666666,0.6363636363636364,0.05,0.030303030303030304,0.4,0.484375,0.7419354838709677,1.0,0.41414141414141414,0.5066666666666667
danceability,0.5766470588235294,0.7796206896551725,0.7319130434782608,0.6546896551724137,0.6377567567567568,0.6467777777777778,0.714913793103448,0.6668484848484849,0.6864999999999999,0.5929292929292929,0.6765714285714287,0.675080808080808,0.6447700000000001,0.7087391304347826,0.72723,0.6307261904761905,0.5892250000000001,0.5851599999999999,0.6953,0.6508900000000001,0.6226400000000001,0.5370476190476191,0.3275,0.69392,0.5175555555555555,0.687,0.7771408450704225,0.6729600000000001,0.6171538461538462,0.7069545454545455,0.55773,0.5920707070707071,0.7127333333333333,0.620125,0.6639999999999999,0.8085714285714286,0.6224949494949495,0.6908666666666666
energy,0.4637352941176471,0.6025862068965517,0.6074347826086957,0.5801379310344827,0.5641081081081081,0.7274444444444446,0.6593448275862068,0.5254848484848484,0.6184090909090909,0.658949494949495,0.5658928571428571,0.7448686868686868,0.7178899999999999,0.5863478260869566,0.6637900000000001,0.6112023809523809,0.53304375,0.573565,0.67309,0.64711,0.66169,0.46785714285714286,0.30347380952380953,0.7141299999999998,0.6126666666666667,0.8075,0.6109999999999999,0.63997,0.5563846153846154,0.603409090909091,0.5783249999999999,0.626879797979798,0.6983333333333333,0.49389843749999995,0.667967741935484,0.6828571428571427,0.5524292929292931,0.5832
loudness,-9.330470588235295,-6.824689655172413,-6.640956521739131,-7.233448275862068,-6.731027027027026,-7.058111111111112,-6.843275862068965,-7.513287878787879,-7.191954545454546,-6.272616161616161,-7.495,-5.168060606060606,-6.19957,-6.278608695652173,-6.0092099999999995,-6.890083333333334,-8.0023625,-7.342770000000001,-6.0279300000000005,-6.219910000000001,-7.719000000000002,-11.376285714285713,-14.1655,-5.6391,-7.156777777777778,-3.4875000000000003,-6.656577464788732,-6.9687,-8.318051282051284,-6.087818181818182,-7.271810000000001,-8.360838383838384,-5.526555555555555,-7.960968749999999,-5.873129032258065,-6.213000000000001,-7.319656565656566,-6.62872
mode,0.7352941176470589,0.2413793103448276,0.6086956521739131,0.5172413793103449,0.8378378378378378,0.8888888888888888,0.6551724137931034,0.48484848484848486,0.6818181818181818,0.7575757575757576,0.6785714285714286,0.6161616161616161,0.48,0.4782608695652174,0.54,0.6785714285714286,0.6875,0.67,0.64,0.62,0.76,0.8095238095238095,0.5952380952380952,0.63,0.8888888888888888,0.0,0.5915492957746479,0.5,0.5897435897435898,0.5303030303030303,0.72,0.7474747474747475,0.6222222222222222,0.59375,0.6129032258064516,0.5714285714285714,0.7878787878787878,0.68
speechiness,0.20543235294117648,0.20850000000000002,0.20444782608695658,0.15475172413793103,0.10088648648648652,0.0644,0.1874586206896552,0.12711363636363637,0.2622659090909091,0.09994343434343433,0.15897142857142857,0.09692727272727274,0.186583,0.16800434782608695,0.211487,0.12667976190476193,0.13669000000000003,0.12318799999999998,0.160003,0.13209,0.06403400000000001,0.09412539682539682,0.04333809523809524,0.101096,0.059033333333333333,0.06915,0.20063380281690144,0.20154000000000002,0.14680256410256412,0.09638939393939394,0.06539699999999998,0.08498080808080809,0.14242222222222223,0.106603125,0.16557419354838712,0.1342142857142857,0.08633232323232326,0.1346826666666667
acousticness,0.4283870588235294,0.1145896551724138,0.20326478260869565,0.3306744827586207,0.29356783783783785,0.24050555555555558,0.20907241379310346,0.26418121212121215,0.299707,0.25697182828282833,0.2648714285714286,0.13755887878787879,0.21887429,0.25526086956521743,0.12421337999999998,0.3022110952380952,0.4016425,0.38680890000000007,0.1967098,0.22359674999999998,0.2696481,0.533424126984127,0.6543857142857142,0.14721189999999998,0.2933222222222222,0.0747,0.13252214084507047,0.22406501999999995,0.3739871794871795,0.2487573787878788,0.38318779999999997,0.3121379797979798,0.08633493333333334,0.46403703124999995,0.22552548387096774,0.052564714285714284,0.37887171717171714,0.27985912
instrumentalness,0.0003079276470588235,5.615758620689655e-05,0.0006099026086956522,0.0004951668965517241,0.00041430162162162164,0.0004478666666666666,0.00014516879310344828,0.0006523254545454545,0.0004998984090909091,0.0030237251515151517,0.00024256142857142856,0.00035462363636363636,0.0010205748,1.7961739130434784e-05,0.0095474546,0.004388692261904761,0.00546138075,0.0028782614999999993,0.0005034986,0.0011446857000000001,0.007046278299999999,0.0007781965079365078,0.6713761047619048,0.0006415786000000001,0.0012304966666666665,0.0,0.001620671267605634,0.0007992535,0.0001614258974358974,0.001392463484848485,0.0045310969999999996,0.004510420808080808,0.001752138888888889,0.00239351625,9.90858064516129e-05,7.499999999999999e-07,0.0007917055555555555,0.0021166649333333332
liveness,0.23559705882352944,0.1839379310344827,0.19783913043478257,0.17082068965517241,0.1852945945945946,0.1914111111111111,0.2074,0.13742727272727276,0.2613136363636364,0.1720454545454546,0.23398214285714286,0.18512424242424239,0.24059800000000003,0.17409565217391304,0.218918,0.17827380952380953,0.15511750000000002,0.16094999999999998,0.183798,0.16647800000000001,0.19233600000000003,0.20874126984126984,0.16378809523809523,0.17441900000000005,0.1865111111111111,0.1885,0.18751830985915494,0.19752600000000003,0.1393641025641026,0.14077121212121213,0.19506399999999996,0.20813434343434348,0.15988444444444444,0.12419843749999998,0.16974516129032258,0.24042857142857146,0.16472525252525252,0.17651866666666668
valence,0.40794705882352944,0.4427068965517242,0.4834347826086957,0.4672586206896552,0.49659459459459476,0.6537777777777777,0.5102724137931035,0.40898787878787873,0.6243068181818182,0.41956161616161625,0.5083142857142857,0.6153737373737375,0.452846,0.48634782608695654,0.48290800000000006,0.4472119047619048,0.3311425,0.389397,0.5300690000000001,0.469322,0.62965,0.5340047619047619,0.21301190476190482,0.627724,0.5024444444444445,0.4245000000000001,0.4693267605633803,0.438818,0.32368717948717945,0.4417272727272728,0.45739799999999997,0.6111141414141414,0.6452444444444444,0.350403125,0.47604516129032254,0.5162857142857142,0.45759090909090916,0.453424
tempo,113.79129411764706,120.98168965517245,129.4923043478261,113.11117241379313,115.70964864864864,110.55288888888887,115.60708620689654,117.28254545454546,119.48284090909088,118.41224242424242,111.3589642857143,119.7259898989899,113.82218999999999,126.27843478260871,127.08492000000003,113.18536904761902,116.66087499999999,115.13707000000001,120.22445999999998,122.91436,117.31809,119.6343650793651,105.78402380952379,122.68574999999998,109.816,112.9675,127.52050704225356,123.18389999999998,115.95884615384614,125.10377272727273,116.17096000000001,119.02356565656567,123.90828888888888,113.7565,121.67909677419355,123.51242857142857,111.06495959595962,116.18318666666666
pop rap,0.058823529411764705,0.6206896551724138,0.8260869565217391,0.5862068965517241,0.6756756756756757,0.0,0.8275862068965517,0.5909090909090909,0.13636363636363635,0.37373737373737376,0.8571428571428571,0.3838383838383838,0.69,0.6521739130434783,0.72,0.5714285714285714,0.4625,0.44,0.72,0.57,0.01,0.015873015873015872,0.0,0.34,0.0,0.0,0.6197183098591549,0.77,0.46153846153846156,0.4696969696969697,0.19,0.050505050505050504,0.4888888888888889,0.359375,0.7741935483870968,0.8571428571428571,0.2828282828282828,0.48
rap,0.058823529411764705,0.7241379310344828,0.6521739130434783,0.3448275862068966,0.24324324324324326,0.0,0.6206896551724138,0.3787878787878788,0.22727272727272727,0.15151515151515152,0.5,0.13131313131313133,0.71,0.2608695652173913,0.9,0.23809523809523808,0.3375,0.32,0.56,0.4,0.04,0.015873015873015872,0.0,0.12,0.0,0.0,0.7464788732394366,0.87,0.3076923076923077,0.6060606060606061,0.03,0.0707070707070707,0.3333333333333333,0.3125,0.45161290322580644,0.7142857142857143,0.1919191919191919,0.37333333333333335
desi pop,0.0,0.0,0.0,0.0,0.0,0.7777777777777778,0.0,0.0,0.0,0.0,0.0,0.0,0.0,0.0,0.0,0.0,0.0,0.0,0.0,0.0,0.0,0.0,0.0,0.0,0.0,0.5,0.0,0.0,0.0,0.0,0.0,0.0,0.0,0.0,0.0,0.0,0.0,0.0
filmi,0.0,0.0,0.0,0.0,0.0,0.8888888888888888,0.0,0.0,0.0,0.0,0.0,0.0,0.0,0.0,0.0,0.0,0.0,0.0,0.0,0.0,0.0,0.0,0.0,0.0,0.0,0.0,0.0,0.0,0.0,0.0,0.0,0.0,0.0,0.0,0.0,0.0,0.0,0.0
modern bollywood,0.0,0.0,0.0,0.0,0.0,0.8888888888888888,0.0,0.0,0.0,0.0,0.0,0.0,0.0,0.0,0.0,0.0,0.0,0.0,0.0,0.0,0.0,0.0,0.0,0.0,0.0,0.5,0.0,0.0,0.0,0.0,0.0,0.0,0.0,0.0,0.0,0.0,0.0,0.0
sufi,0.0,0.0,0.0,0.0,0.0,0.8888888888888888,0.0,0.0,0.0,0.0,0.0,0.0,0.0,0.0,0.0,0.0,0.0,0.0,0.0,0.0,0.0,0.0,0.0,0.0,0.0,0.0,0.0,0.0,0.0,0.0,0.0,0.0,0.0,0.0,0.0,0.0,0.0,0.0
neo mellow,0.0,0.0,0.0,0.0,0.02702702702702703,0.0,0.0,0.0,0.0,0.12121212121212122,0.0,0.06060606060606061,0.02,0.043478260869565216,0.0,0.05952380952380952,0.0375,0.07,0.02,0.02,0.0,0.0,0.023809523809523808,0.07,0.0,0.0,0.0,0.01,0.05128205128205128,0.045454545454545456,0.13,0.020202020202020204,0.044444444444444446,0.015625,0.0,0.0,0.030303030303030304,0.0
neo soul,0.0,0.0,0.0,0.034482758620689655,0.0,0.0,0.0,0.0,0.0,0.010101010101010102,0.0,0.0,0.01,0.043478260869565216,0.0,0.0,0.0125,0.01,0.0,0.01,0.0,0.0,0.0,0.01,0.0,0.0,0.0,0.0,0.02564102564102564,0.0,0.09,0.0,0.0,0.015625,0.0,0.0,0.030303030303030304,0.013333333333333334
pop,0.058823529411764705,0.034482758620689655,0.391304347826087,0.4827586206896552,0.40540540540540543,0.0,0.017241379310344827,0.6818181818181818,0.045454545454545456,0.3838383838383838,0.17857142857142858,0.7171717171717171,0.2,0.391304347826087,0.11,0.4642857142857143,0.4125,0.46,0.28,0.41,0.17,0.047619047619047616,0.0,0.64,0.0,0.0,0.15492957746478872,0.15,0.3076923076923077,0.4393939393939394,0.5,0.20202020202020202,0.6,0.578125,0.5161290322580645,0.2857142857142857,0.6262626262626263,0.5733333333333334
r&b,0.029411764705882353,0.0,0.0,0.13793103448275862,0.0,0.0,0.0,0.18181818181818182,0.0,0.020202020202020204,0.0,0.06060606060606061,0.0,0.08695652173913043,0.01,0.0,0.0125,0.01,0.06,0.03,0.17,0.015873015873015872,0.0,0.06,0.0,0.0,0.04225352112676056,0.02,0.02564102564102564,0.09090909090909091,0.08,0.050505050505050504,0.1111111111111111,0.046875,0.03225806451612903,0.0,0.050505050505050504,0.10666666666666667
urban contemporary,0.029411764705882353,0.0,0.0,0.10344827586206896,0.0,0.0,0.0,0.30303030303030304,0.0,0.030303030303030304,0.0,0.08080808080808081,0.0,0.043478260869565216,0.01,0.0,0.0125,0.01,0.05,0.04,0.02,0.015873015873015872,0.0,0.09,0.0,0.0,0.04225352112676056,0.03,0.02564102564102564,0.09090909090909091,0.08,0.020202020202020204,0.13333333333333333,0.0625,0.06451612903225806,0.0,0.050505050505050504,0.09333333333333334
dance pop,0.058823529411764705,0.0,0.0,0.06896551724137931,0.0,0.0,0.0,0.25757575757575757,0.0,0.1919191919191919,0.0,0.5656565656565656,0.15,0.043478260869565216,0.08,0.14285714285714285,0.075,0.14,0.11,0.12,0.03,0.07936507936507936,0.0,0.39,0.0,0.0,0.16901408450704225,0.11,0.07692307692307693,0.19696969696969696,0.2,0.0707070707070707,0.37777777777777777,0.125,0.22580645161290322,0.0,0.16161616161616163,0.24
post-teen pop,0.029411764705882353,0.0,0.043478260869565216,0.10344827586206896,0.16216216216216217,0.0,0.0,0.16666666666666666,0.0,0.08080808080808081,0.0,0.30303030303030304,0.01,0.17391304347826086,0.01,0.09523809523809523,0.075,0.08,0.07,0.11,0.0,0.06349206349206349,0.0,0.24,0.0,0.0,0.04225352112676056,0.0,0.05128205128205128,0.16666666666666666,0.08,0.050505050505050504,0.2,0.125,0.03225806451612903,0.0,0.10101010101010101,0.12
uk pop,0.0,0.0,0.0,0.0,0.0,0.0,0.0,0.0,0.0,0.0,0.0,0.020202020202020204,0.0,0.043478260869565216,0.0,0.011904761904761904,0.0,0.0,0.0,0.01,0.0,0.0,0.0,0.02,0.0,0.0,0.0,0.0,0.0,0.015151515151515152,0.24,0.0,0.0,0.0625,0.0,0.0,0.06060606060606061,0.04
melodipop,0.0,0.0,0.0,0.0,0.0,0.0,0.0,0.0,0.0,0.0,0.0,0.0,0.0,0.0,0.0,0.0,0.0,0.0,0.0,0.0,0.0,0.0,0.0,0.0,0.0,0.0,0.0,0.0,0.0,0.0,0.0,0.0,0.0,0.0,0.0,0.0,0.010101010101010102,0.0
hawaiian hip hop,0.0,0.0,0.0,0.0,0.02702702702702703,0.0,0.0,0.030303030303030304,0.0,0.0,0.0,0.0,0.0,0.0,0.01,0.03571428571428571,0.0125,0.02,0.03,0.03,0.0,0.0,0.0,0.0,0.0,0.0,0.0,0.0,0.07692307692307693,0.0,0.0,0.0,0.0,0.078125,0.12903225806451613,0.0,0.030303030303030304,0.04
dfw rap,0.0,0.0,0.0,0.0,0.02702702702702703,0.0,0.0,0.07575757575757576,0.0,0.020202020202020204,0.0,0.0,0.0,0.043478260869565216,0.02,0.0,0.0625,0.03,0.02,0.04,0.0,0.0,0.0,0.0,0.0,0.0,0.014084507042253521,0.0,0.02564102564102564,0.06060606060606061,0.0,0.0,0.022222222222222223,0.03125,0.1935483870967742,0.0,0.010101010101010102,0.013333333333333334
melodic rap,0.0,0.3103448275862069,0.08695652173913043,0.034482758620689655,0.02702702702702703,0.0,0.034482758620689655,0.10606060606060606,0.0,0.020202020202020204,0.07142857142857142,0.0,0.01,0.08695652173913043,0.07,0.0,0.075,0.04,0.07,0.09,0.0,0.0,0.0,0.0,0.0,0.0,0.15492957746478872,0.01,0.05128205128205128,0.19696969696969696,0.0,0.0,0.06666666666666667,0.0625,0.22580645161290322,0.0,0.010101010101010102,0.013333333333333334
australian pop,0.029411764705882353,0.0,0.0,0.0,0.10810810810810811,0.0,0.0,0.030303030303030304,0.0,0.010101010101010102,0.0,0.04040404040404041,0.0,0.0,0.0,0.0,0.0125,0.0,0.01,0.04,0.0,0.0,0.0,0.04,0.0,0.0,0.0,0.0,0.05128205128205128,0.015151515151515152,0.04,0.0,0.022222222222222223,0.046875,0.0,0.0,0.020202020202020204,0.02666666666666667
girl group,0.0,0.0,0.0,0.0,0.0,0.0,0.0,0.0,0.0,0.010101010101010102,0.0,0.0,0.0,0.0,0.0,0.0,0.0,0.0,0.0,0.0,0.0,0.0,0.0,0.0,0.0,0.0,0.0,0.0,0.0,0.0,0.0,0.0,0.0,0.0,0.0,0.0,0.010101010101010102,0.02666666666666667
hip pop,0.0,0.0,0.0,0.034482758620689655,0.0,0.0,0.0,0.030303030303030304,0.0,0.010101010101010102,0.0,0.020202020202020204,0.0,0.0,0.01,0.0,0.0,0.0,0.0,0.0,0.01,0.0,0.0,0.04,0.0,0.0,0.028169014084507043,0.0,0.0,0.015151515151515152,0.0,0.020202020202020204,0.0,0.0,0.0,0.0,0.010101010101010102,0.04
barbadian pop,0.0,0.0,0.0,0.0,0.0,0.0,0.0,0.0,0.0,0.0,0.0,0.010101010101010102,0.0,0.0,0.0,0.0,0.0,0.0,0.0,0.01,0.0,0.0,0.0,0.01,0.0,0.0,0.014084507042253521,0.0,0.0,0.015151515151515152,0.0,0.0,0.0,0.0,0.0,0.0,0.010101010101010102,0.013333333333333334
viral pop,0.0,0.0,0.0,0.0,0.0,0.0,0.0,0.06060606060606061,0.0,0.050505050505050504,0.0,0.030303030303030304,0.01,0.043478260869565216,0.01,0.047619047619047616,0.0375,0.05,0.03,0.04,0.0,0.0,0.047619047619047616,0.01,0.0,0.0,0.0,0.0,0.05128205128205128,0.06060606060606061,0.07,0.010101010101010102,0.0,0.046875,0.0,0.0,0.030303030303030304,0.013333333333333334
hip hop,0.08823529411764706,0.3103448275862069,0.5652173913043478,0.3103448275862069,0.1891891891891892,0.0,0.017241379310344827,0.25757575757575757,0.1590909090909091,0.1111111111111111,0.32142857142857145,0.09090909090909091,0.62,0.17391304347826086,0.62,0.16666666666666666,0.2375,0.21,0.15,0.18,0.05,0.015873015873015872,0.0,0.08,0.0,0.0,0.39436619718309857,0.78,0.1794871794871795,0.18181818181818182,0.03,0.0707070707070707,0.26666666666666666,0.140625,0.03225806451612903,0.5714285714285714,0.1111111111111111,0.22666666666666666
indie garage rock,0.0,0.0,0.0,0.0,0.0,0.0,0.0,0.0,0.0,0.0,0.0,0.0,0.0,0.0,0.0,0.0,0.0,0.0,0.0,0.0,0.0,0.0,0.0,0.0,0.0,0.0,0.0,0.0,0.0,0.0,0.0,0.0,0.0,0.0,0.0,0.0,0.030303030303030304,0.0
uk contemporary r&b,0.0,0.0,0.0,0.034482758620689655,0.0,0.0,0.0,0.0,0.0,0.0,0.0,0.0,0.0,0.0,0.0,0.0,0.0,0.0,0.0,0.0,0.0,0.0,0.0,0.0,0.0,0.0,0.0,0.0,0.02564102564102564,0.0,0.0,0.0,0.0,0.015625,0.0,0.0,0.010101010101010102,0.0
lgbtq+ hip hop,0.0,0.0,0.0,0.034482758620689655,0.0,0.0,0.0,0.0,0.0,0.0,0.0,0.0,0.01,0.043478260869565216,0.0,0.0,0.0125,0.01,0.0,0.0,0.0,0.0,0.0,0.01,0.0,0.0,0.0,0.0,0.02564102564102564,0.0,0.0,0.0,0.0,0.015625,0.0,0.0,0.04040404040404041,0.0
bedroom pop,0.0,0.0,0.0,0.0,0.0,0.0,0.0,0.0,0.0,0.020202020202020204,0.0,0.0,0.0,0.0,0.0,0.047619047619047616,0.0125,0.05,0.0,0.01,0.0,0.0,0.0,0.0,0.0,0.0,0.0,0.0,0.0,0.0,0.0,0.0,0.0,0.0,0.0,0.0,0.12121212121212122,0.04
canadian contemporary r&b,0.0,0.0,0.043478260869565216,0.10344827586206896,0.0,0.0,0.0,0.06060606060606061,0.0,0.0,0.0,0.020202020202020204,0.0,0.0,0.0,0.011904761904761904,0.0125,0.02,0.0,0.0,0.0,0.0,0.0,0.0,0.0,0.0,0.014084507042253521,0.0,0.0,0.0,0.01,0.0,0.0,0.015625,0.0,0.0,0.04040404040404041,0.0
bergen indie,0.0,0.0,0.0,0.0,0.0,0.0,0.0,0.0,0.0,0.0,0.0,0.0,0.0,0.0,0.0,0.0,0.0,0.0,0.0,0.0,0.0,0.0,0.0,0.0,0.0,0.0,0.0,0.0,0.0,0.0,0.0,0.0,0.0,0.0,0.0,0.0,0.010101010101010102,0.0
indie pop,0.0,0.0,0.0,0.034482758620689655,0.02702702702702703,0.0,0.0,0.0,0.0,0.0,0.0,0.010101010101010102,0.0,0.0,0.0,0.011904761904761904,0.025,0.02,0.0,0.0,0.0,0.0,0.0,0.01,0.0,0.0,0.0,0.0,0.0,0.015151515151515152,0.02,0.0,0.022222222222222223,0.0,0.0,0.0,0.04040404040404041,0.013333333333333334
norwegian indie,0.0,0.0,0.0,0.0,0.0,0.0,0.0,0.0,0.0,0.0,0.0,0.0,0.0,0.0,0.0,0.0,0.0,0.0,0.0,0.0,0.0,0.0,0.0,0.0,0.0,0.0,0.0,0.0,0.0,0.0,0.0,0.0,0.0,0.0,0.0,0.0,0.010101010101010102,0.0
boston indie,0.0,0.0,0.0,0.0,0.0,0.0,0.0,0.0,0.0,0.0,0.0,0.0,0.0,0.0,0.0,0.0,0.0,0.0,0.0,0.0,0.0,0.0,0.0,0.0,0.0,0.0,0.0,0.0,0.0,0.0,0.0,0.0,0.0,0.0,0.0,0.0,0.020202020202020204,0.013333333333333334
indie r&b,0.0,0.0,0.0,0.034482758620689655,0.0,0.0,0.0,0.0,0.0,0.020202020202020204,0.0,0.0,0.0,0.0,0.0,0.05952380952380952,0.0375,0.05,0.01,0.02,0.0,0.0,0.0,0.0,0.0,0.0,0.0,0.0,0.0,0.0,0.0,0.0,0.0,0.0,0.0,0.0,0.09090909090909091,0.02666666666666667
canadian hip hop,0.0,0.06896551724137931,0.0,0.0,0.0,0.0,0.0,0.015151515151515152,0.0,0.0,0.0,0.010101010101010102,0.0,0.043478260869565216,0.08,0.0,0.0,0.0,0.03,0.04,0.0,0.0,0.0,0.03,0.0,0.0,0.056338028169014086,0.06,0.02564102564102564,0.06060606060606061,0.0,0.0,0.06666666666666667,0.015625,0.0,0.14285714285714285,0.0,0.02666666666666667
canadian pop,0.0,0.034482758620689655,0.043478260869565216,0.034482758620689655,0.0,0.0,0.0,0.06060606060606061,0.0,0.0,0.0,0.050505050505050504,0.0,0.043478260869565216,0.08,0.011904761904761904,0.0,0.0,0.0,0.0,0.0,0.0,0.0,0.04,0.0,0.0,0.07042253521126761,0.05,0.02564102564102564,0.015151515151515152,0.01,0.0,0.06666666666666667,0.03125,0.0,0.14285714285714285,0.010101010101010102,0.04
toronto rap,0.0,0.06896551724137931,0.0,0.0,0.02702702702702703,0.0,0.0,0.0,0.0,0.0,0.0,0.010101010101010102,0.0,0.043478260869565216,0.08,0.0,0.0,0.0,0.01,0.03,0.0,0.0,0.0,0.03,0.0,0.0,0.056338028169014086,0.06,0.02564102564102564,0.06060606060606061,0.0,0.0,0.06666666666666667,0.015625,0.0,0.14285714285714285,0.0,0.02666666666666667
adult standards,0.0,0.0,0.0,0.0,0.0,0.0,0.0,0.0,0.0,0.0,0.0,0.0,0.0,0.0,0.0,0.0,0.0,0.0,0.0,0.0,0.08,0.015873015873015872,0.0,0.0,0.0,0.0,0.0,0.0,0.0,0.0,0.0,0.050505050505050504,0.0,0.015625,0.0,0.0,0.010101010101010102,0.0
lounge,0.0,0.0,0.0,0.0,0.0,0.0,0.0,0.0,0.0,0.0,0.0,0.0,0.0,0.0,0.0,0.0,0.0,0.0,0.0,0.0,0.0,0.0,0.0,0.0,0.0,0.0,0.0,0.0,0.0,0.0,0.0,0.0,0.0,0.015625,0.0,0.0,0.010101010101010102,0.0
emo rap,0.0,0.0,0.0,0.0,0.02702702702702703,0.0,0.0,0.0,0.0,0.0,0.0,0.0,0.01,0.0,0.0,0.023809523809523808,0.0125,0.05,0.01,0.01,0.0,0.0,0.0,0.0,0.0,0.0,0.04225352112676056,0.0,0.05128205128205128,0.045454545454545456,0.0,0.0,0.0,0.125,0.0,0.0,0.0,0.013333333333333334
miami hip hop,0.0,0.034482758620689655,0.0,0.0,0.0,0.0,0.0,0.015151515151515152,0.0,0.0,0.0,0.06060606060606061,0.01,0.0,0.03,0.023809523809523808,0.0125,0.05,0.01,0.0,0.0,0.0,0.0,0.06,0.0,0.0,0.07042253521126761,0.0,0.05128205128205128,0.045454545454545456,0.0,0.0,0.08888888888888889,0.125,0.0,0.0,0.0,0.013333333333333334
alternative r&b,0.0,0.0,0.043478260869565216,0.1724137931034483,0.0,0.0,0.0,0.10606060606060606,0.0,0.04040404040404041,0.03571428571428571,0.010101010101010102,0.03,0.0,0.0,0.023809523809523808,0.1625,0.1,0.04,0.07,0.0,0.0,0.0,0.01,0.0,0.0,0.0,0.02,0.07692307692307693,0.09090909090909091,0.02,0.0,0.0,0.171875,0.0,0.0,0.09090909090909091,0.08
atl hip hop,0.029411764705882353,0.2413793103448276,0.043478260869565216,0.0,0.0,0.0,0.0,0.045454545454545456,0.0,0.0,0.03571428571428571,0.10101010101010101,0.11,0.043478260869565216,0.1,0.0,0.0125,0.01,0.02,0.02,0.0,0.0,0.0,0.02,0.0,0.0,0.2535211267605634,0.15,0.0,0.09090909090909091,0.01,0.010101010101010102,0.1111111111111111,0.046875,0.0,0.14285714285714285,0.04040404040404041,0.06666666666666667
trap,0.029411764705882353,0.4827586206896552,0.30434782608695654,0.06896551724137931,0.02702702702702703,0.0,0.034482758620689655,0.15151515151515152,0.0,0.0,0.17857142857142858,0.06060606060606061,0.07,0.17391304347826086,0.32,0.023809523809523808,0.0125,0.01,0.1,0.1,0.0,0.0,0.0,0.03,0.0,0.0,0.6197183098591549,0.13,0.02564102564102564,0.30303030303030304,0.01,0.0,0.13333333333333333,0.09375,0.03225806451612903,0.2857142857142857,0.020202020202020204,0.12
abstract hip hop,0.0,0.0,0.0,0.034482758620689655,0.0,0.0,0.0,0.0,0.0,0.0,0.0,0.0,0.03,0.0,0.0,0.011904761904761904,0.0125,0.01,0.01,0.01,0.0,0.0,0.0,0.0,0.0,0.0,0.0,0.0,0.0,0.0,0.0,0.0,0.0,0.015625,0.0,0.0,0.0,0.0
comic,0.0,0.0,0.0,0.034482758620689655,0.0,0.0,0.0,0.0,0.5,0.0,0.0,0.0,0.03,0.0,0.0,0.011904761904761904,0.0125,0.01,0.01,0.01,0.0,0.015873015873015872,0.0,0.01,0.0,0.0,0.0,0.0,0.0,0.0,0.0,0.0,0.0,0.015625,0.0,0.0,0.0,0.0
indie pop rap,0.029411764705882353,0.06896551724137931,0.13043478260869565,0.034482758620689655,0.13513513513513514,0.0,0.41379310344827586,0.015151515151515152,0.0,0.030303030303030304,0.4642857142857143,0.0,0.12,0.043478260869565216,0.01,0.17857142857142858,0.1375,0.08,0.26,0.19,0.0,0.0,0.0,0.0,0.0,0.0,0.0,0.03,0.3333333333333333,0.06060606060606061,0.0,0.0,0.0,0.015625,0.1935483870967742,0.0,0.020202020202020204,0.08
modern rock,0.0,0.0,0.0,0.06896551724137931,0.21621621621621623,0.0,0.0,0.0,0.0,0.23232323232323232,0.0,0.06060606060606061,0.04,0.043478260869565216,0.0,0.08333333333333333,0.075,0.08,0.05,0.07,0.01,0.015873015873015872,0.0,0.06,0.0,0.0,0.0,0.0,0.0,0.0,0.14,0.020202020202020204,0.022222222222222223,0.046875,0.0,0.0,0.06060606060606061,0.0
electropop,0.0,0.0,0.043478260869565216,0.06896551724137931,0.10810810810810811,0.0,0.0,0.030303030303030304,0.0,0.030303030303030304,0.14285714285714285,0.020202020202020204,0.01,0.0,0.01,0.05952380952380952,0.0375,0.04,0.05,0.07,0.0,0.0,0.0,0.0,0.0,0.0,0.0,0.0,0.0,0.030303030303030304,0.0,0.0,0.0,0.03125,0.06451612903225806,0.0,0.010101010101010102,0.02666666666666667
norwegian pop,0.0,0.0,0.0,0.0,0.0,0.0,0.0,0.0,0.0,0.0,0.0,0.0,0.0,0.0,0.0,0.0,0.0,0.0,0.0,0.0,0.0,0.0,0.0,0.0,0.0,0.0,0.0,0.0,0.0,0.015151515151515152,0.0,0.0,0.0,0.015625,0.0,0.0,0.0,0.0
tropical house,0.0,0.0,0.0,0.06896551724137931,0.0,0.0,0.0,0.030303030303030304,0.0,0.010101010101010102,0.0,0.020202020202020204,0.0,0.0,0.0,0.023809523809523808,0.025,0.03,0.01,0.03,0.0,0.0,0.0,0.02,0.0,0.0,0.0,0.02,0.0,0.07575757575757576,0.0,0.0,0.022222222222222223,0.015625,0.0,0.0,0.0,0.0
brostep,0.0,0.0,0.0,0.0,0.0,0.0,0.0,0.0,0.0,0.0,0.0,0.0,0.02,0.0,0.0,0.0,0.0,0.0,0.03,0.03,0.0,0.0,0.0,0.0,0.0,0.5,0.0,0.0,0.0,0.0,0.0,0.0,0.022222222222222223,0.015625,0.0,0.0,0.0,0.0
progressive electro house,0.0,0.0,0.0,0.0,0.0,0.0,0.0,0.0,0.0,0.0,0.0,0.010101010101010102,0.02,0.0,0.0,0.0,0.0,0.0,0.03,0.03,0.0,0.0,0.0,0.0,0.0,0.5,0.0,0.0,0.0,0.0,0.0,0.0,0.022222222222222223,0.015625,0.0,0.0,0.0,0.0
southern hip hop,0.058823529411764705,0.10344827586206896,0.13043478260869565,0.0,0.02702702702702703,0.0,0.017241379310344827,0.07575757575757576,0.0,0.0,0.17857142857142858,0.09090909090909091,0.1,0.0,0.29,0.011904761904761904,0.0,0.01,0.03,0.03,0.0,0.0,0.0,0.03,0.0,0.0,0.3380281690140845,0.15,0.02564102564102564,0.09090909090909091,0.01,0.0,0.06666666666666667,0.046875,0.0,0.42857142857142855,0.030303030303030304,0.08
mellow gold,0.0,0.0,0.0,0.0,0.0,0.0,0.0,0.0,0.0,0.010101010101010102,0.0,0.010101010101010102,0.0,0.0,0.0,0.0,0.0,0.0,0.0,0.01,0.32,0.031746031746031744,0.0,0.0,0.0,0.0,0.0,0.0,0.0,0.0,0.0,0.09090909090909091,0.0,0.0,0.0,0.0,0.0,0.0
soft rock,0.0,0.0,0.0,0.0,0.0,0.0,0.0,0.0,0.0,0.010101010101010102,0.0,0.010101010101010102,0.0,0.0,0.0,0.0,0.0,0.0,0.0,0.01,0.25,0.031746031746031744,0.0,0.0,0.0,0.0,0.0,0.0,0.0,0.0,0.0,0.10101010101010101,0.0,0.0,0.0,0.0,0.0,0.0
hollywood,0.5588235294117647,0.0,0.0,0.0,0.0,0.0,0.0,0.0,0.0,0.0,0.03571428571428571,0.010101010101010102,0.0,0.0,0.0,0.011904761904761904,0.0,0.0,0.0,0.01,0.0,0.38095238095238093,0.0,0.01,0.0,0.0,0.0,0.0,0.0,0.0,0.01,0.13131313131313133,0.0,0.015625,0.0,0.0,0.0,0.0
movie tunes,0.029411764705882353,0.0,0.0,0.0,0.0,0.0,0.0,0.0,0.0,0.0,0.0,0.0,0.0,0.0,0.0,0.0,0.0,0.0,0.0,0.0,0.0,0.6984126984126984,0.0,0.0,0.0,0.0,0.0,0.0,0.0,0.0,0.0,0.15151515151515152,0.0,0.0,0.0,0.0,0.0,0.0
show tunes,0.7058823529411765,0.0,0.0,0.034482758620689655,0.0,0.0,0.0,0.0,0.0,0.010101010101010102,0.07142857142857142,0.0,0.0,0.0,0.0,0.023809523809523808,0.0,0.01,0.0,0.01,0.0,0.2222222222222222,0.0,0.0,0.0,0.0,0.0,0.0,0.0,0.0,0.0,0.08080808080808081,0.0,0.015625,0.0,0.0,0.010101010101010102,0.013333333333333334
a cappella,0.0,0.0,0.0,0.0,0.0,0.0,0.0,0.0,0.045454545454545456,0.0,0.0,0.0,0.0,0.0,0.0,0.0,0.0,0.0,0.0,0.0,0.0,0.0,0.023809523809523808,0.04,0.0,0.0,0.0,0.0,0.0,0.0,0.01,0.04040404040404041,0.0,0.0,0.0,0.0,0.0,0.0
album rock,0.0,0.0,0.0,0.0,0.0,0.0,0.0,0.0,0.0,0.010101010101010102,0.0,0.010101010101010102,0.0,0.0,0.0,0.0,0.0,0.0,0.0,0.01,0.2,0.0,0.0,0.0,0.0,0.0,0.0,0.0,0.0,0.0,0.0,0.06060606060606061,0.0,0.0,0.0,0.0,0.0,0.0
folk rock,0.0,0.0,0.0,0.0,0.0,0.0,0.0,0.0,0.0,0.010101010101010102,0.0,0.0,0.0,0.0,0.0,0.0,0.0,0.0,0.0,0.01,0.21,0.0,0.0,0.0,0.0,0.0,0.0,0.0,0.0,0.0,0.0,0.04040404040404041,0.0,0.0,0.0,0.0,0.0,0.0
piano rock,0.0,0.0,0.0,0.0,0.0,0.0,0.0,0.0,0.0,0.050505050505050504,0.0,0.020202020202020204,0.01,0.0,0.0,0.023809523809523808,0.0125,0.02,0.01,0.0,0.25,0.0,0.0,0.0,0.0,0.0,0.0,0.01,0.02564102564102564,0.0,0.02,0.04040404040404041,0.0,0.0,0.0,0.0,0.010101010101010102,0.0
rock,0.0,0.0,0.0,0.0,0.0,0.0,0.0,0.0,0.0,0.020202020202020204,0.0,0.010101010101010102,0.0,0.0,0.0,0.0,0.0,0.0,0.0,0.01,0.43,0.0,0.0,0.0,1.0,0.0,0.0,0.0,0.0,0.0,0.09,0.20202020202020202,0.0,0.0,0.0,0.0,0.020202020202020204,0.013333333333333334
singer-songwriter,0.0,0.0,0.0,0.0,0.0,0.0,0.0,0.0,0.0,0.0,0.0,0.0,0.0,0.0,0.0,0.0,0.0,0.0,0.0,0.0,0.2,0.015873015873015872,0.0,0.0,0.0,0.0,0.0,0.0,0.0,0.0,0.01,0.04040404040404041,0.0,0.0,0.0,0.0,0.0,0.0
disney,0.0,0.0,0.0,0.0,0.0,0.0,0.0,0.0,0.0,0.0,0.0,0.0,0.0,0.0,0.0,0.0,0.0,0.0,0.0,0.0,0.0,0.31746031746031744,0.0,0.0,0.0,0.0,0.0,0.0,0.0,0.0,0.0,0.0707070707070707,0.0,0.0,0.0,0.0,0.0,0.0
francoton,0.0,0.0,0.0,0.0,0.0,0.0,0.0,0.0,0.0,0.0,0.0,0.0,0.01,0.0,0.0,0.0,0.0,0.0,0.0,0.0,0.0,0.0,0.0,0.02,0.0,0.0,0.0,0.0,0.0,0.0,0.01,0.0,0.0,0.0,0.0,0.0,0.0,0.0
french pop,0.0,0.0,0.0,0.0,0.0,0.0,0.0,0.0,0.0,0.0,0.0,0.0,0.01,0.0,0.0,0.0,0.0,0.0,0.0,0.0,0.0,0.0,0.0,0.02,0.0,0.0,0.0,0.0,0.0,0.0,0.01,0.0,0.0,0.0,0.0,0.0,0.0,0.0
deep underground hip hop,0.029411764705882353,0.034482758620689655,0.043478260869565216,0.0,0.02702702702702703,0.0,0.20689655172413793,0.0,0.0,0.030303030303030304,0.07142857142857142,0.0,0.02,0.0,0.01,0.047619047619047616,0.15,0.04,0.09,0.03,0.0,0.0,0.0,0.0,0.0,0.0,0.0,0.01,0.2564102564102564,0.0,0.0,0.0,0.0,0.0,0.0,0.0,0.020202020202020204,0.0
bass trap,0.0,0.0,0.0,0.0,0.0,0.0,0.0,0.0,0.0,0.020202020202020204,0.0,0.0,0.0,0.0,0.02,0.0,0.0375,0.0,0.0,0.0,0.0,0.0,0.0,0.0,0.0,0.0,0.0,0.0,0.10256410256410256,0.0,0.0,0.0,0.0,0.0,0.0,0.0,0.0,0.0
trap soul,0.0,0.034482758620689655,0.043478260869565216,0.034482758620689655,0.0,0.0,0.15517241379310345,0.045454545454545456,0.0,0.0,0.03571428571428571,0.0,0.0,0.043478260869565216,0.0,0.023809523809523808,0.0125,0.01,0.03,0.02,0.0,0.0,0.0,0.0,0.0,0.0,0.0,0.01,0.02564102564102564,0.0,0.0,0.0,0.022222222222222223,0.0,0.0,0.0,0.0,0.0
underground hip hop,0.029411764705882353,0.10344827586206896,0.34782608695652173,0.034482758620689655,0.0,0.0,0.0,0.0,0.0,0.0,0.25,0.0,0.02,0.043478260869565216,0.02,0.023809523809523808,0.0,0.02,0.05,0.03,0.0,0.0,0.0,0.0,0.0,0.0,0.1267605633802817,0.03,0.0,0.045454545454545456,0.0,0.0,0.0,0.0,0.06451612903225806,0.0,0.0,0.013333333333333334
vapor trap,0.0,0.06896551724137931,0.17391304347826086,0.034482758620689655,0.0,0.0,0.0,0.0,0.0,0.0,0.0,0.0,0.0,0.043478260869565216,0.0,0.011904761904761904,0.0,0.0,0.01,0.01,0.0,0.0,0.0,0.0,0.0,0.0,0.09859154929577464,0.01,0.0,0.0,0.0,0.0,0.0,0.0,0.0,0.0,0.0,0.013333333333333334
detroit hip hop,0.0,0.0,0.0,0.0,0.02702702702702703,0.0,0.0,0.0,0.0,0.0,0.0,0.010101010101010102,0.12,0.0,0.02,0.0,0.0,0.01,0.01,0.0,0.0,0.0,0.0,0.0,0.0,0.0,0.04225352112676056,0.09,0.0,0.0,0.0,0.0,0.0,0.015625,0.0,0.14285714285714285,0.010101010101010102,0.02666666666666667
chicago rap,0.0,0.034482758620689655,0.043478260869565216,0.0,0.0,0.0,0.0,0.06060606060606061,0.045454545454545456,0.04040404040404041,0.03571428571428571,0.010101010101010102,0.07,0.0,0.15,0.023809523809523808,0.0375,0.04,0.01,0.03,0.0,0.0,0.0,0.01,0.0,0.0,0.028169014084507043,0.11,0.02564102564102564,0.0,0.01,0.020202020202020204,0.0,0.015625,0.0,0.0,0.020202020202020204,0.013333333333333334
dirty south rap,0.0,0.0,0.0,0.0,0.0,0.0,0.0,0.0,0.0,0.0,0.0,0.020202020202020204,0.0,0.0,0.04,0.0,0.0,0.0,0.0,0.0,0.0,0.0,0.0,0.0,0.0,0.0,0.056338028169014086,0.03,0.0,0.0,0.0,0.0,0.0,0.0,0.0,0.14285714285714285,0.010101010101010102,0.02666666666666667
gangster rap,0.029411764705882353,0.10344827586206896,0.043478260869565216,0.0,0.0,0.0,0.0,0.0,0.1590909090909091,0.0,0.03571428571428571,0.010101010101010102,0.04,0.043478260869565216,0.08,0.011904761904761904,0.0,0.01,0.02,0.01,0.03,0.015873015873015872,0.0,0.02,0.0,0.0,0.04225352112676056,0.04,0.0,0.0,0.01,0.04040404040404041,0.044444444444444446,0.0,0.0,0.14285714285714285,0.0,0.02666666666666667
conscious hip hop,0.08823529411764706,0.10344827586206896,0.08695652173913043,0.0,0.16216216216216217,0.0,0.0,0.015151515151515152,0.0,0.08080808080808081,0.10714285714285714,0.0,0.31,0.0,0.2,0.08333333333333333,0.1,0.08,0.06,0.06,0.0,0.0,0.0,0.01,0.0,0.0,0.04225352112676056,0.41,0.02564102564102564,0.0,0.01,0.010101010101010102,0.06666666666666667,0.03125,0.03225806451612903,0.0,0.020202020202020204,0.013333333333333334
west coast rap,0.0,0.0,0.0,0.0,0.0,0.0,0.0,0.015151515151515152,0.022727272727272728,0.0,0.0,0.010101010101010102,0.06,0.0,0.08,0.0,0.0,0.0,0.01,0.01,0.0,0.0,0.0,0.01,0.0,0.0,0.014084507042253521,0.07,0.0,0.0,0.0,0.0,0.08888888888888889,0.0,0.0,0.0,0.0,0.013333333333333334
g funk,0.0,0.0,0.0,0.0,0.0,0.0,0.0,0.0,0.022727272727272728,0.0,0.0,0.020202020202020204,0.11,0.0,0.0,0.0,0.0,0.01,0.01,0.0,0.0,0.0,0.0,0.01,0.0,0.0,0.0,0.05,0.0,0.0,0.0,0.0,0.022222222222222223,0.0,0.0,0.0,0.0,0.02666666666666667
nc hip hop,0.0,0.06896551724137931,0.0,0.0,0.0,0.0,0.0,0.0,0.0,0.020202020202020204,0.0,0.0,0.04,0.0,0.02,0.023809523809523808,0.0,0.02,0.04,0.0,0.0,0.0,0.0,0.0,0.0,0.0,0.0,0.1,0.0,0.0,0.0,0.0,0.0,0.0,0.0,0.0,0.0,0.0
dmv rap,0.0,0.034482758620689655,0.17391304347826086,0.0,0.16216216216216217,0.0,0.0,0.0,0.0,0.020202020202020204,0.0,0.0,0.13,0.043478260869565216,0.05,0.047619047619047616,0.0625,0.03,0.02,0.02,0.0,0.0,0.0,0.01,0.0,0.0,0.0,0.15,0.02564102564102564,0.0,0.0,0.0,0.0,0.015625,0.03225806451612903,0.0,0.0,0.0
alabama rap,0.0,0.034482758620689655,0.0,0.0,0.0,0.0,0.0,0.0,0.0,0.0,0.0,0.0,0.0,0.0,0.0,0.0,0.0,0.0,0.0,0.0,0.0,0.0,0.0,0.0,0.0,0.0,0.014084507042253521,0.0,0.0,0.0,0.0,0.0,0.0,0.0,0.0,0.0,0.0,0.0
baton rouge rap,0.0,0.0,0.0,0.0,0.0,0.0,0.0,0.0,0.0,0.0,0.0,0.0,0.0,0.0,0.0,0.0,0.0,0.0,0.0,0.0,0.0,0.0,0.0,0.0,0.0,0.0,0.014084507042253521,0.0,0.0,0.0,0.0,0.0,0.0,0.0,0.0,0.0,0.0,0.0
pop rock,0.0,0.0,0.0,0.034482758620689655,0.05405405405405406,0.0,0.0,0.0,0.0,0.18181818181818182,0.0,0.15151515151515152,0.02,0.0,0.0,0.08333333333333333,0.0625,0.09,0.06,0.05,0.02,0.015873015873015872,0.0,0.15,0.0,0.0,0.0,0.01,0.05128205128205128,0.07575757575757576,0.11,0.050505050505050504,0.06666666666666667,0.015625,0.0,0.0,0.0707070707070707,0.02666666666666667
social media pop,0.0,0.0,0.0,0.0,0.0,0.0,0.0,0.045454545454545456,0.1590909090909091,0.020202020202020204,0.0,0.020202020202020204,0.0,0.0,0.0,0.03571428571428571,0.0,0.02,0.01,0.04,0.0,0.0,0.0,0.03,0.0,0.0,0.014084507042253521,0.01,0.0,0.0,0.04,0.0,0.0,0.0,0.0,0.0,0.010101010101010102,0.02666666666666667
danish pop,0.0,0.0,0.0,0.0,0.0,0.0,0.0,0.0,0.0,0.0,0.0,0.0,0.0,0.0,0.0,0.0,0.0,0.0,0.0,0.0,0.0,0.0,0.0,0.01,0.0,0.0,0.0,0.0,0.0,0.0,0.01,0.0,0.0,0.0,0.0,0.0,0.0,0.0
scandipop,0.0,0.0,0.0,0.0,0.0,0.0,0.0,0.0,0.0,0.0,0.0,0.0,0.0,0.0,0.0,0.0,0.0,0.0,0.0,0.0,0.0,0.0,0.0,0.01,0.0,0.0,0.0,0.0,0.0,0.0,0.01,0.0,0.0,0.0,0.0,0.0,0.0,0.0
classify,0.0,0.0,0.0,0.0,0.0,0.0,0.0,0.0,0.0,0.0,0.0,0.0,0.0,0.0,0.0,0.0,0.0,0.0,0.0,0.0,0.0,0.0,0.21428571428571427,0.0,0.0,0.0,0.0,0.0,0.0,0.0,0.0,0.0,0.0,0.0,0.0,0.0,0.0,0.0
comedy,0.0,0.0,0.0,0.0,0.0,0.0,0.0,0.0,0.09090909090909091,0.0,0.0,0.0,0.0,0.0,0.0,0.0,0.0,0.0,0.0,0.0,0.0,0.015873015873015872,0.0,0.0,0.0,0.0,0.0,0.0,0.0,0.0,0.0,0.0,0.0,0.0,0.0,0.0,0.0,0.0
glam rock,0.0,0.0,0.0,0.0,0.0,0.0,0.0,0.0,0.0,0.010101010101010102,0.0,0.0,0.0,0.0,0.0,0.0,0.0,0.0,0.0,0.01,0.29,0.0,0.0,0.0,1.0,0.0,0.0,0.0,0.0,0.0,0.07,0.1414141414141414,0.0,0.0,0.0,0.0,0.010101010101010102,0.013333333333333334
classic rock,0.0,0.0,0.0,0.0,0.0,0.0,0.0,0.0,0.0,0.010101010101010102,0.0,0.0,0.0,0.0,0.0,0.0,0.0,0.0,0.0,0.01,0.03,0.0,0.0,0.0,0.0,0.0,0.0,0.0,0.0,0.0,0.0,0.010101010101010102,0.0,0.0,0.0,0.0,0.0,0.0
folk,0.0,0.0,0.0,0.0,0.0,0.0,0.0,0.0,0.0,0.0,0.0,0.0,0.0,0.0,0.0,0.0,0.0,0.0,0.0,0.0,0.04,0.0,0.0,0.0,0.0,0.0,0.0,0.0,0.0,0.0,0.0,0.010101010101010102,0.0,0.0,0.0,0.0,0.0,0.0
roots rock,0.0,0.0,0.0,0.0,0.0,0.0,0.0,0.0,0.0,0.0,0.0,0.0,0.0,0.0,0.0,0.0,0.0,0.0,0.0,0.0,0.01,0.0,0.0,0.0,0.0,0.0,0.0,0.0,0.0,0.0,0.0,0.010101010101010102,0.0,0.0,0.0,0.0,0.0,0.0
edm,0.0,0.0,0.0,0.0,0.0,0.0,0.0,0.030303030303030304,0.0,0.0,0.0,0.06060606060606061,0.0,0.0,0.01,0.023809523809523808,0.0,0.01,0.01,0.03,0.0,0.0,0.0,0.06,0.0,0.0,0.014084507042253521,0.02,0.0,0.06060606060606061,0.0,0.0,0.08888888888888889,0.0,0.0,0.0,0.0,0.013333333333333334
electro house,0.0,0.0,0.0,0.0,0.0,0.0,0.0,0.015151515151515152,0.0,0.0,0.0,0.020202020202020204,0.0,0.0,0.0,0.023809523809523808,0.0,0.01,0.01,0.02,0.0,0.0,0.0,0.01,0.0,0.0,0.0,0.02,0.0,0.045454545454545456,0.0,0.0,0.022222222222222223,0.0,0.0,0.0,0.0,0.0
pop edm,0.0,0.0,0.0,0.034482758620689655,0.0,0.0,0.0,0.015151515151515152,0.0,0.0,0.0,0.0,0.0,0.043478260869565216,0.0,0.011904761904761904,0.0,0.0,0.01,0.01,0.0,0.0,0.0,0.0,0.0,0.0,0.0,0.01,0.0,0.0,0.0,0.0,0.022222222222222223,0.0,0.0,0.0,0.0,0.0
new orleans rap,0.0,0.0,0.0,0.0,0.0,0.0,0.0,0.0,0.0,0.0,0.0,0.0,0.02,0.0,0.02,0.011904761904761904,0.0,0.0,0.0,0.01,0.0,0.0,0.0,0.0,0.0,0.0,0.0,0.02,0.0,0.0,0.01,0.0,0.0,0.0,0.0,0.0,0.0,0.0
escape room,0.0,0.0,0.043478260869565216,0.0,0.0,0.0,0.0,0.0,0.06818181818181818,0.0,0.0,0.0,0.0,0.043478260869565216,0.0,0.0,0.0,0.0,0.0,0.0,0.0,0.0,0.0,0.0,0.0,0.0,0.0,0.0,0.0,0.0,0.0,0.0,0.0,0.0,0.0,0.0,0.0,0.0
trap queen,0.0,0.0,0.043478260869565216,0.0,0.0,0.0,0.0,0.0,0.06818181818181818,0.0,0.0,0.0,0.0,0.043478260869565216,0.0,0.0,0.0,0.0,0.0,0.0,0.0,0.0,0.0,0.0,0.0,0.0,0.0,0.0,0.0,0.0,0.0,0.0,0.0,0.0,0.0,0.0,0.0,0.0
british comedy,0.0,0.0,0.0,0.0,0.0,0.0,0.0,0.0,0.045454545454545456,0.0,0.0,0.0,0.0,0.0,0.0,0.0,0.0,0.0,0.0,0.0,0.0,0.0,0.0,0.0,0.0,0.0,0.0,0.0,0.0,0.0,0.0,0.0,0.0,0.0,0.0,0.0,0.0,0.0
afghan pop,0.0,0.0,0.0,0.0,0.0,0.2222222222222222,0.0,0.0,0.0,0.0,0.0,0.0,0.0,0.0,0.0,0.0,0.0,0.0,0.0,0.0,0.0,0.0,0.0,0.0,0.0,0.0,0.0,0.0,0.0,0.0,0.0,0.0,0.0,0.0,0.0,0.0,0.0,0.0
chutney,0.0,0.0,0.0,0.0,0.0,0.2222222222222222,0.0,0.0,0.0,0.0,0.0,0.0,0.0,0.0,0.0,0.0,0.0,0.0,0.0,0.0,0.0,0.0,0.0,0.0,0.0,0.0,0.0,0.0,0.0,0.0,0.0,0.0,0.0,0.0,0.0,0.0,0.0,0.0
indian folk,0.0,0.0,0.0,0.0,0.0,0.1111111111111111,0.0,0.0,0.0,0.0,0.0,0.0,0.0,0.0,0.0,0.0,0.0,0.0,0.0,0.0,0.0,0.0,0.0,0.0,0.0,0.0,0.0,0.0,0.0,0.0,0.0,0.0,0.0,0.0,0.0,0.0,0.0,0.0
classic pakistani pop,0.0,0.0,0.0,0.0,0.0,0.1111111111111111,0.0,0.0,0.0,0.0,0.0,0.0,0.0,0.0,0.0,0.0,0.0,0.0,0.0,0.0,0.0,0.0,0.0,0.0,0.0,0.0,0.0,0.0,0.0,0.0,0.0,0.0,0.0,0.0,0.0,0.0,0.0,0.0
qawwali,0.0,0.0,0.0,0.0,0.0,0.1111111111111111,0.0,0.0,0.0,0.0,0.0,0.0,0.0,0.0,0.0,0.0,0.0,0.0,0.0,0.0,0.0,0.0,0.0,0.0,0.0,0.0,0.0,0.0,0.0,0.0,0.0,0.0,0.0,0.0,0.0,0.0,0.0,0.0
bhangra,0.0,0.0,0.0,0.0,0.0,0.1111111111111111,0.0,0.0,0.0,0.0,0.0,0.0,0.0,0.0,0.0,0.0,0.0,0.0,0.0,0.0,0.0,0.0,0.0,0.0,0.0,0.0,0.0,0.0,0.0,0.0,0.0,0.0,0.0,0.0,0.0,0.0,0.0,0.0
pittsburgh rap,0.0,0.0,0.0,0.10344827586206896,0.0,0.0,0.0,0.015151515151515152,0.0,0.010101010101010102,0.03571428571428571,0.0,0.0,0.0,0.02,0.023809523809523808,0.0375,0.01,0.0,0.0,0.0,0.0,0.0,0.0,0.0,0.0,0.028169014084507043,0.01,0.02564102564102564,0.0,0.0,0.0,0.0,0.0,0.0,0.0,0.0,0.0
florida rap,0.0,0.034482758620689655,0.0,0.0,0.0,0.0,0.0,0.0,0.0,0.0,0.0,0.0,0.0,0.0,0.0,0.0,0.0,0.0,0.0,0.0,0.0,0.0,0.0,0.0,0.0,0.0,0.014084507042253521,0.0,0.0,0.0,0.0,0.0,0.0,0.0,0.0,0.0,0.0,0.0
atl trap,0.0,0.13793103448275862,0.0,0.0,0.0,0.0,0.0,0.0,0.0,0.0,0.0,0.0,0.0,0.043478260869565216,0.01,0.0,0.0,0.0,0.0,0.0,0.0,0.0,0.0,0.0,0.0,0.0,0.028169014084507043,0.0,0.0,0.0,0.0,0.0,0.022222222222222223,0.0,0.0,0.0,0.0,0.0
deep southern trap,0.0,0.0,0.0,0.0,0.0,0.0,0.0,0.0,0.0,0.0,0.0,0.0,0.0,0.0,0.0,0.0,0.0,0.0,0.0,0.0,0.0,0.0,0.0,0.0,0.0,0.0,0.014084507042253521,0.0,0.0,0.0,0.0,0.0,0.0,0.0,0.0,0.0,0.0,0.0
east coast hip hop,0.058823529411764705,0.0,0.0,0.0,0.0,0.0,0.0,0.0,0.0,0.0,0.0,0.0,0.0,0.043478260869565216,0.07,0.0,0.0,0.0,0.0,0.0,0.01,0.0,0.0,0.0,0.0,0.0,0.014084507042253521,0.01,0.0,0.0,0.0,0.010101010101010102,0.022222222222222223,0.0,0.0,0.0,0.0,0.0
hyphy,0.0,0.0,0.0,0.0,0.0,0.0,0.0,0.0,0.0,0.0,0.0,0.0,0.0,0.0,0.0,0.0,0.0,0.0,0.01,0.0,0.0,0.0,0.0,0.0,0.0,0.0,0.028169014084507043,0.0,0.0,0.0,0.0,0.0,0.0,0.0,0.0,0.0,0.0,0.0
queens hip hop,0.029411764705882353,0.0,0.0,0.034482758620689655,0.0,0.0,0.0,0.0,0.0,0.0,0.03571428571428571,0.010101010101010102,0.0,0.0,0.0,0.0,0.0,0.0,0.01,0.0,0.0,0.0,0.0,0.01,0.0,0.0,0.028169014084507043,0.0,0.0,0.0,0.0,0.0,0.0,0.0,0.0,0.0,0.0,0.0
west coast trap,0.0,0.0,0.0,0.034482758620689655,0.0,0.0,0.0,0.0,0.0,0.0,0.0,0.0,0.0,0.0,0.0,0.0,0.0,0.0,0.01,0.0,0.0,0.0,0.0,0.0,0.0,0.0,0.014084507042253521,0.0,0.0,0.0,0.0,0.0,0.0,0.0,0.0,0.0,0.0,0.0
europop,0.0,0.0,0.0,0.0,0.0,0.0,0.0,0.0,0.0,0.0,0.0,0.0,0.0,0.0,0.0,0.0,0.0,0.0,0.0,0.0,0.0,0.0,0.0,0.03,0.0,0.0,0.0,0.0,0.0,0.0,0.0,0.0,0.0,0.0,0.0,0.0,0.0,0.0
talent show,0.0,0.0,0.0,0.0,0.0,0.0,0.0,0.0,0.0,0.0,0.0,0.0,0.0,0.0,0.0,0.0,0.0,0.0,0.0,0.0,0.0,0.0,0.0,0.02,0.0,0.0,0.0,0.0,0.0,0.015151515151515152,0.0,0.0,0.0,0.015625,0.0,0.0,0.010101010101010102,0.0
colombian pop,0.0,0.0,0.0,0.0,0.0,0.0,0.0,0.015151515151515152,0.0,0.0,0.0,0.0,0.0,0.0,0.0,0.0,0.0,0.0,0.0,0.0,0.0,0.015873015873015872,0.0,0.01,0.0,0.0,0.0,0.0,0.0,0.0,0.0,0.0,0.0,0.0,0.0,0.0,0.0,0.0
latin,0.0,0.0,0.0,0.0,0.0,0.0,0.0,0.0,0.0,0.0,0.0,0.030303030303030304,0.0,0.0,0.0,0.0,0.0,0.0,0.0,0.0,0.0,0.015873015873015872,0.0,0.01,0.0,0.0,0.0,0.0,0.0,0.0,0.0,0.0,0.022222222222222223,0.0,0.0,0.0,0.0,0.0
latin pop,0.0,0.0,0.0,0.0,0.0,0.0,0.0,0.0,0.0,0.0,0.0,0.010101010101010102,0.0,0.0,0.0,0.0,0.0,0.0,0.0,0.0,0.01,0.015873015873015872,0.0,0.01,0.0,0.0,0.0,0.0,0.0,0.0,0.0,0.010101010101010102,0.022222222222222223,0.0,0.0,0.0,0.0,0.0
mexican pop,0.0,0.0,0.0,0.0,0.0,0.0,0.0,0.0,0.0,0.0,0.0,0.010101010101010102,0.0,0.0,0.0,0.0,0.0,0.0,0.0,0.0,0.0,0.015873015873015872,0.0,0.01,0.0,0.0,0.0,0.0,0.0,0.0,0.0,0.0,0.0,0.0,0.0,0.0,0.0,0.0
pop punk,0.0,0.0,0.0,0.0,0.0,0.0,0.0,0.0,0.0,0.04040404040404041,0.0,0.010101010101010102,0.01,0.0,0.0,0.0,0.0,0.0,0.0,0.04,0.0,0.015873015873015872,0.0,0.03,0.0,0.0,0.0,0.0,0.0,0.0,0.02,0.010101010101010102,0.0,0.0,0.0,0.0,0.0,0.0
eurovision,0.0,0.0,0.0,0.0,0.0,0.0,0.0,0.0,0.0,0.0,0.0,0.0,0.0,0.0,0.0,0.0,0.0,0.0,0.0,0.0,0.0,0.0,0.0,0.01,0.0,0.0,0.0,0.0,0.0,0.0,0.0,0.0,0.0,0.0,0.0,0.0,0.0,0.0
complextro,0.0,0.0,0.0,0.0,0.0,0.0,0.0,0.0,0.0,0.0,0.0,0.0,0.0,0.0,0.0,0.0,0.0,0.0,0.0,0.0,0.0,0.0,0.0,0.01,0.0,0.0,0.0,0.0,0.0,0.0,0.0,0.0,0.0,0.0,0.0,0.0,0.0,0.0
german techno,0.0,0.0,0.0,0.0,0.0,0.0,0.0,0.0,0.0,0.0,0.0,0.0,0.0,0.0,0.0,0.0,0.0,0.0,0.0,0.0,0.0,0.0,0.0,0.01,0.0,0.0,0.0,0.0,0.0,0.0,0.0,0.0,0.0,0.0,0.0,0.0,0.0,0.0
bow pop,0.0,0.0,0.0,0.0,0.0,0.0,0.0,0.0,0.0,0.010101010101010102,0.0,0.0,0.0,0.0,0.0,0.0,0.0,0.0,0.0,0.01,0.01,0.0,0.16666666666666666,0.0,0.0,0.0,0.0,0.0,0.0,0.0,0.0,0.0,0.0,0.0,0.0,0.0,0.0,0.0
soundtrack,0.0,0.0,0.0,0.0,0.0,0.0,0.0,0.0,0.0,0.0,0.0,0.0,0.0,0.0,0.0,0.0,0.0,0.0,0.0,0.0,0.0,0.015873015873015872,0.6904761904761905,0.0,0.0,0.0,0.0,0.0,0.0,0.0,0.0,0.010101010101010102,0.0,0.0,0.0,0.0,0.0,0.0
german soundtrack,0.0,0.0,0.0,0.0,0.0,0.0,0.0,0.0,0.0,0.0,0.0,0.0,0.0,0.0,0.0,0.0,0.0,0.0,0.0,0.0,0.0,0.0,0.3333333333333333,0.0,0.0,0.0,0.0,0.0,0.0,0.0,0.0,0.0,0.0,0.0,0.0,0.0,0.0,0.0
scorecore,0.0,0.0,0.0,0.0,0.0,0.0,0.0,0.0,0.0,0.0,0.0,0.0,0.0,0.0,0.0,0.0,0.0,0.0,0.0,0.0,0.0,0.015873015873015872,0.4523809523809524,0.0,0.0,0.0,0.0,0.0,0.0,0.0,0.0,0.010101010101010102,0.0,0.0,0.0,0.0,0.0,0.0
video game music,0.0,0.0,0.0,0.0,0.0,0.0,0.0,0.0,0.0,0.0,0.0,0.0,0.0,0.0,0.0,0.0,0.0,0.0,0.0,0.0,0.0,0.0,0.23809523809523808,0.0,0.0,0.0,0.0,0.0,0.0,0.0,0.0,0.0,0.0,0.0,0.0,0.0,0.0,0.0
epicore,0.0,0.0,0.0,0.0,0.0,0.0,0.0,0.0,0.0,0.0,0.0,0.0,0.0,0.0,0.0,0.0,0.0,0.0,0.0,0.0,0.0,0.0,0.023809523809523808,0.0,0.0,0.0,0.0,0.0,0.0,0.0,0.0,0.0,0.0,0.0,0.0,0.0,0.0,0.0
canadian classical,0.0,0.0,0.0,0.0,0.0,0.0,0.0,0.0,0.0,0.0,0.0,0.0,0.0,0.0,0.0,0.0,0.0,0.0,0.0,0.0,0.0,0.0,0.047619047619047616,0.0,0.0,0.0,0.0,0.0,0.0,0.0,0.0,0.0,0.0,0.0,0.0,0.0,0.0,0.0
canadian soundtrack,0.0,0.0,0.0,0.0,0.0,0.0,0.0,0.0,0.0,0.0,0.0,0.0,0.0,0.0,0.0,0.0,0.0,0.0,0.0,0.0,0.0,0.0,0.047619047619047616,0.0,0.0,0.0,0.0,0.0,0.0,0.0,0.0,0.0,0.0,0.0,0.0,0.0,0.0,0.0
middle earth,0.0,0.0,0.0,0.0,0.0,0.0,0.0,0.0,0.0,0.0,0.0,0.0,0.0,0.0,0.0,0.0,0.0,0.0,0.0,0.0,0.0,0.0,0.07142857142857142,0.0,0.0,0.0,0.0,0.0,0.0,0.0,0.01,0.010101010101010102,0.0,0.0,0.0,0.0,0.0,0.0
ccm,0.0,0.0,0.0,0.0,0.0,0.0,0.0,0.0,0.0,0.0,0.0,0.0,0.0,0.0,0.0,0.0,0.0,0.0,0.0,0.0,0.0,0.0,0.023809523809523808,0.0,0.0,0.0,0.0,0.0,0.0,0.0,0.0,0.0,0.0,0.0,0.0,0.0,0.0,0.0
christian alternative rock,0.0,0.0,0.0,0.0,0.0,0.0,0.0,0.0,0.0,0.0,0.0,0.0,0.0,0.0,0.0,0.0,0.0,0.0,0.0,0.0,0.0,0.0,0.023809523809523808,0.0,0.0,0.0,0.0,0.0,0.0,0.0,0.0,0.0,0.0,0.0,0.0,0.0,0.0,0.0
christian music,0.0,0.0,0.0,0.0,0.0,0.0,0.0,0.0,0.0,0.0,0.0,0.0,0.0,0.0,0.0,0.0,0.0,0.0,0.0,0.0,0.0,0.0,0.023809523809523808,0.0,0.0,0.0,0.0,0.0,0.0,0.0,0.0,0.0,0.0,0.0,0.0,0.0,0.0,0.0
classic soundtrack,0.0,0.0,0.0,0.0,0.0,0.0,0.0,0.0,0.0,0.0,0.0,0.0,0.0,0.0,0.0,0.0,0.0,0.0,0.0,0.0,0.0,0.0,0.023809523809523808,0.0,0.0,0.0,0.0,0.0,0.0,0.0,0.0,0.0,0.0,0.0,0.0,0.0,0.0,0.0
tagalog worship,0.0,0.0,0.0,0.0,0.0,0.0,0.0,0.0,0.0,0.0,0.0,0.0,0.0,0.0,0.0,0.0,0.0,0.0,0.0,0.0,0.0,0.09523809523809523,0.0,0.0,0.0,0.0,0.0,0.0,0.0,0.0,0.0,0.030303030303030304,0.0,0.0,0.0,0.0,0.0,0.0
celtic,0.0,0.0,0.0,0.0,0.0,0.0,0.0,0.0,0.0,0.0,0.0,0.0,0.0,0.0,0.0,0.0,0.0,0.0,0.0,0.0,0.0,0.015873015873015872,0.0,0.0,0.0,0.0,0.0,0.0,0.0,0.0,0.0,0.0,0.0,0.0,0.0,0.0,0.0,0.0
scottish folk,0.0,0.0,0.0,0.0,0.0,0.0,0.0,0.0,0.0,0.0,0.0,0.0,0.0,0.0,0.0,0.0,0.0,0.0,0.0,0.0,0.0,0.015873015873015872,0.0,0.0,0.0,0.0,0.0,0.0,0.0,0.0,0.0,0.0,0.0,0.0,0.0,0.0,0.0,0.0
broadway,0.2647058823529412,0.0,0.0,0.034482758620689655,0.0,0.0,0.0,0.0,0.0,0.0,0.03571428571428571,0.0,0.0,0.0,0.0,0.0,0.0,0.0,0.0,0.0,0.0,0.031746031746031744,0.0,0.0,0.0,0.0,0.0,0.0,0.0,0.0,0.0,0.0,0.0,0.0,0.0,0.0,0.0,0.0
emo,0.0,0.0,0.0,0.0,0.0,0.0,0.0,0.0,0.0,0.13131313131313133,0.0,0.010101010101010102,0.01,0.0,0.0,0.011904761904761904,0.0,0.01,0.01,0.05,0.0,0.015873015873015872,0.0,0.04,0.0,0.0,0.0,0.0,0.0,0.0,0.04,0.010101010101010102,0.0,0.0,0.0,0.0,0.010101010101010102,0.0
bubblegum pop,0.0,0.0,0.0,0.0,0.0,0.0,0.0,0.0,0.0,0.0,0.0,0.0,0.0,0.0,0.0,0.0,0.0,0.0,0.0,0.0,0.0,0.015873015873015872,0.0,0.0,0.0,0.0,0.0,0.0,0.0,0.0,0.0,0.010101010101010102,0.0,0.0,0.0,0.0,0.0,0.0
classic uk pop,0.0,0.0,0.0,0.0,0.0,0.0,0.0,0.0,0.0,0.0,0.0,0.0,0.0,0.0,0.0,0.0,0.0,0.0,0.0,0.0,0.0,0.015873015873015872,0.0,0.0,0.0,0.0,0.0,0.0,0.0,0.0,0.0,0.010101010101010102,0.0,0.0,0.0,0.0,0.0,0.0
classic country pop,0.0,0.0,0.0,0.0,0.0,0.0,0.0,0.0,0.0,0.0,0.0,0.0,0.0,0.0,0.0,0.0,0.0,0.0,0.0,0.0,0.01,0.0,0.0,0.0,0.0,0.0,0.0,0.0,0.0,0.0,0.0,0.0,0.0,0.0,0.0,0.0,0.0,0.0
brill building pop,0.0,0.0,0.0,0.0,0.0,0.0,0.0,0.0,0.0,0.0,0.0,0.0,0.0,0.0,0.0,0.0,0.0,0.0,0.0,0.0,0.03,0.0,0.0,0.0,0.0,0.0,0.0,0.0,0.0,0.0,0.0,0.020202020202020204,0.0,0.0,0.0,0.0,0.0,0.0
yacht rock,0.0,0.0,0.0,0.0,0.0,0.0,0.0,0.0,0.0,0.0,0.0,0.0,0.0,0.0,0.0,0.0,0.0,0.0,0.0,0.0,0.03,0.0,0.0,0.0,0.0,0.0,0.0,0.0,0.0,0.0,0.0,0.010101010101010102,0.0,0.0,0.0,0.0,0.0,0.0
traditional folk,0.0,0.0,0.0,0.0,0.0,0.0,0.0,0.0,0.0,0.0,0.0,0.0,0.0,0.0,0.0,0.0,0.0,0.0,0.0,0.0,0.01,0.0,0.0,0.0,0.0,0.0,0.0,0.0,0.0,0.0,0.0,0.0,0.0,0.0,0.0,0.0,0.0,0.0
soul,0.0,0.0,0.0,0.0,0.0,0.0,0.0,0.0,0.0,0.010101010101010102,0.0,0.0,0.0,0.0,0.0,0.011904761904761904,0.0,0.01,0.0,0.0,0.2,0.0,0.0,0.0,0.0,0.0,0.0,0.0,0.0,0.0,0.0,0.06060606060606061,0.0,0.0,0.0,0.0,0.010101010101010102,0.0
celtic rock,0.0,0.0,0.0,0.0,0.0,0.0,0.0,0.0,0.0,0.04040404040404041,0.0,0.0,0.01,0.0,0.0,0.03571428571428571,0.025,0.04,0.01,0.02,0.01,0.0,0.0,0.0,0.0,0.0,0.0,0.0,0.02564102564102564,0.015151515151515152,0.01,0.0,0.0,0.015625,0.0,0.0,0.0,0.0
scottish rock,0.0,0.0,0.0,0.0,0.0,0.0,0.0,0.0,0.0,0.0,0.0,0.0,0.0,0.0,0.0,0.0,0.0,0.0,0.0,0.0,0.01,0.0,0.0,0.0,0.0,0.0,0.0,0.0,0.0,0.0,0.0,0.0,0.0,0.0,0.0,0.0,0.0,0.0
disco,0.0,0.0,0.0,0.0,0.0,0.0,0.0,0.0,0.0,0.0,0.0,0.0,0.0,0.0,0.0,0.0,0.0,0.0,0.0,0.0,0.02,0.0,0.0,0.0,0.0,0.0,0.0,0.0,0.0,0.0,0.0,0.010101010101010102,0.0,0.0,0.0,0.0,0.0,0.0
funk,0.0,0.0,0.0,0.0,0.0,0.0,0.0,0.0,0.0,0.010101010101010102,0.0,0.0,0.0,0.0,0.0,0.011904761904761904,0.0,0.01,0.0,0.0,0.03,0.0,0.0,0.01,0.0,0.0,0.0,0.0,0.0,0.0,0.0,0.010101010101010102,0.0,0.0,0.0,0.0,0.010101010101010102,0.0
jazz funk,0.0,0.0,0.0,0.0,0.0,0.0,0.0,0.0,0.0,0.0,0.0,0.0,0.0,0.0,0.0,0.0,0.0,0.0,0.0,0.0,0.01,0.0,0.0,0.0,0.0,0.0,0.0,0.0,0.0,0.0,0.0,0.0,0.0,0.0,0.0,0.0,0.0,0.0
motown,0.0,0.0,0.0,0.0,0.0,0.0,0.0,0.0,0.0,0.010101010101010102,0.0,0.0,0.0,0.0,0.0,0.011904761904761904,0.0,0.01,0.0,0.0,0.09,0.0,0.0,0.0,0.0,0.0,0.0,0.0,0.0,0.0,0.0,0.08080808080808081,0.0,0.0,0.0,0.0,0.010101010101010102,0.0
quiet storm,0.0,0.0,0.0,0.0,0.0,0.0,0.0,0.0,0.0,0.010101010101010102,0.0,0.0,0.0,0.0,0.0,0.011904761904761904,0.0,0.01,0.0,0.0,0.03,0.0,0.0,0.01,0.0,0.0,0.0,0.0,0.0,0.0,0.0,0.010101010101010102,0.0,0.0,0.0,0.0,0.010101010101010102,0.0
british invasion,0.0,0.0,0.0,0.0,0.0,0.0,0.0,0.0,0.0,0.0,0.0,0.0,0.0,0.0,0.0,0.0,0.0,0.0,0.0,0.0,0.02,0.0,0.0,0.0,0.0,0.0,0.0,0.0,0.0,0.0,0.0,0.0,0.0,0.0,0.0,0.0,0.010101010101010102,0.0
merseybeat,0.0,0.0,0.0,0.0,0.0,0.0,0.0,0.0,0.0,0.0,0.0,0.0,0.0,0.0,0.0,0.0,0.0,0.0,0.0,0.0,0.02,0.0,0.0,0.0,0.0,0.0,0.0,0.0,0.0,0.0,0.0,0.0,0.0,0.0,0.0,0.0,0.010101010101010102,0.0
psychedelic rock,0.0,0.0,0.0,0.0,0.0,0.0,0.0,0.0,0.0,0.0,0.0,0.0,0.0,0.0,0.0,0.0,0.0,0.0,0.0,0.0,0.02,0.0,0.0,0.0,0.0,0.0,0.0,0.0,0.0,0.0,0.0,0.0,0.0,0.0,0.0,0.0,0.010101010101010102,0.0
chicago soul,0.0,0.0,0.0,0.0,0.0,0.0,0.0,0.0,0.0,0.0,0.0,0.0,0.0,0.0,0.0,0.0,0.0,0.0,0.0,0.0,0.01,0.0,0.0,0.0,0.0,0.0,0.0,0.0,0.0,0.0,0.0,0.010101010101010102,0.0,0.0,0.0,0.0,0.0,0.0
classic soul,0.0,0.0,0.0,0.0,0.0,0.0,0.0,0.0,0.0,0.010101010101010102,0.0,0.0,0.0,0.0,0.0,0.011904761904761904,0.0,0.01,0.0,0.0,0.02,0.0,0.0,0.0,0.0,0.0,0.0,0.0,0.0,0.0,0.0,0.020202020202020204,0.0,0.0,0.0,0.0,0.010101010101010102,0.0
rock-and-roll,0.0,0.0,0.0,0.0,0.0,0.0,0.0,0.0,0.0,0.0,0.0,0.0,0.0,0.0,0.0,0.0,0.0,0.0,0.0,0.0,0.01,0.0,0.0,0.0,0.0,0.0,0.0,0.0,0.0,0.0,0.0,0.010101010101010102,0.0,0.0,0.0,0.0,0.0,0.0
southern soul,0.0,0.0,0.0,0.0,0.0,0.0,0.0,0.0,0.0,0.0,0.0,0.0,0.0,0.0,0.0,0.0,0.0,0.0,0.0,0.0,0.01,0.0,0.0,0.0,0.0,0.0,0.0,0.0,0.0,0.0,0.0,0.010101010101010102,0.0,0.0,0.0,0.0,0.0,0.0
classic swedish pop,0.0,0.0,0.0,0.0,0.0,0.0,0.0,0.0,0.0,0.0,0.0,0.010101010101010102,0.0,0.0,0.0,0.0,0.0,0.0,0.0,0.0,0.02,0.0,0.0,0.0,0.0,0.0,0.0,0.0,0.0,0.0,0.0,0.020202020202020204,0.0,0.0,0.0,0.0,0.0,0.0
deep pop r&b,0.0,0.0,0.0,0.0,0.0,0.0,0.15517241379310345,0.24242424242424243,0.0,0.010101010101010102,0.0,0.010101010101010102,0.0,0.0,0.0,0.023809523809523808,0.05,0.03,0.0,0.01,0.0,0.0,0.0,0.01,0.0,0.0,0.0,0.01,0.02564102564102564,0.015151515151515152,0.0,0.0,0.0,0.015625,0.0,0.0,0.0,0.0
meme rap,0.0,0.034482758620689655,0.0,0.0,0.0,0.0,0.0,0.0,0.0,0.0,0.0,0.0,0.0,0.08695652173913043,0.0,0.0,0.0,0.0,0.0,0.0,0.0,0.0,0.0,0.0,0.0,0.0,0.0,0.0,0.0,0.0,0.0,0.0,0.0,0.0,0.0,0.0,0.0,0.0
indie poptimism,0.0,0.0,0.0,0.06896551724137931,0.05405405405405406,0.0,0.0,0.0,0.0,0.020202020202020204,0.0,0.0,0.0,0.043478260869565216,0.0,0.011904761904761904,0.0,0.01,0.01,0.02,0.0,0.0,0.0,0.01,0.0,0.0,0.0,0.0,0.0,0.0,0.0,0.010101010101010102,0.0,0.0,0.0,0.0,0.0,0.0
new french touch,0.0,0.0,0.0,0.0,0.0,0.0,0.0,0.0,0.0,0.0,0.0,0.0,0.0,0.0,0.0,0.0,0.0,0.0,0.0,0.0,0.0,0.0,0.0,0.0,0.0,0.0,0.0,0.0,0.0,0.0,0.0,0.0,0.0,0.0,0.0,0.0,0.0,0.0
teen pop,0.0,0.0,0.0,0.0,0.0,0.0,0.0,0.030303030303030304,0.022727272727272728,0.0,0.0,0.0,0.0,0.0,0.0,0.023809523809523808,0.0,0.01,0.01,0.01,0.0,0.0,0.0,0.0,0.0,0.0,0.0,0.0,0.0,0.0,0.0,0.0,0.0,0.0,0.0,0.0,0.0,0.0
baroque pop,0.0,0.0,0.0,0.0,0.0,0.0,0.0,0.0,0.0,0.09090909090909091,0.0,0.020202020202020204,0.0,0.0,0.0,0.023809523809523808,0.0125,0.03,0.05,0.01,0.0,0.0,0.0,0.04,0.0,0.0,0.0,0.0,0.0,0.0,0.05,0.0,0.0,0.0,0.0,0.0,0.06060606060606061,0.0
metropopolis,0.0,0.0,0.0,0.034482758620689655,0.0,0.0,0.0,0.015151515151515152,0.0,0.030303030303030304,0.0,0.030303030303030304,0.0,0.0,0.0,0.011904761904761904,0.0125,0.02,0.04,0.0,0.0,0.0,0.0,0.02,0.0,0.0,0.0,0.0,0.0,0.0,0.04,0.0,0.0,0.0,0.0,0.0,0.050505050505050504,0.0
drill,0.0,0.0,0.0,0.0,0.0,0.0,0.0,0.0,0.0,0.0,0.0,0.0,0.0,0.0,0.0,0.0,0.0,0.0,0.0,0.0,0.0,0.0,0.0,0.0,0.0,0.0,0.0,0.0,0.0,0.0,0.0,0.0,0.0,0.0,0.0,0.0,0.0,0.0
harlem hip hop,0.0,0.0,0.0,0.0,0.0,0.0,0.0,0.0,0.0,0.0,0.0,0.0,0.0,0.0,0.0,0.0,0.0,0.0,0.01,0.0,0.0,0.0,0.0,0.0,0.0,0.0,0.0,0.0,0.0,0.0,0.0,0.0,0.0,0.0,0.0,0.0,0.0,0.0
nyc rap,0.0,0.0,0.0,0.0,0.0,0.0,0.0,0.0,0.0,0.0,0.0,0.0,0.0,0.0,0.0,0.0,0.0,0.0,0.01,0.0,0.0,0.0,0.0,0.0,0.0,0.0,0.0,0.0,0.0,0.0,0.0,0.0,0.0,0.0,0.0,0.0,0.0,0.0
underground rap,0.0,0.0,0.0,0.0,0.0,0.0,0.0,0.0,0.0,0.0,0.0,0.0,0.0,0.0,0.0,0.0,0.0,0.0,0.01,0.0,0.0,0.0,0.0,0.0,0.0,0.0,0.0,0.0,0.0,0.0,0.0,0.0,0.0,0.0,0.0,0.0,0.0,0.0
deep tropical house,0.0,0.0,0.0,0.0,0.0,0.0,0.0,0.0,0.0,0.0,0.0,0.0,0.0,0.0,0.0,0.0,0.0,0.0,0.01,0.01,0.0,0.0,0.0,0.0,0.0,0.0,0.0,0.01,0.0,0.0,0.0,0.0,0.0,0.0,0.0,0.0,0.0,0.0
acoustic pop,0.0,0.0,0.0,0.0,0.0,0.0,0.0,0.0,0.0,0.0,0.0,0.0,0.0,0.0,0.0,0.0,0.0,0.0,0.0,0.0,0.0,0.0,0.0,0.0,0.0,0.0,0.0,0.0,0.0,0.0,0.0,0.0,0.0,0.0,0.0,0.0,0.0,0.0
chamber pop,0.0,0.0,0.0,0.0,0.0,0.0,0.0,0.0,0.0,0.0,0.0,0.0,0.0,0.0,0.0,0.0,0.0,0.01,0.0,0.0,0.0,0.0,0.0,0.0,0.0,0.0,0.0,0.0,0.0,0.015151515151515152,0.02,0.0,0.0,0.0,0.0,0.0,0.0,0.0
lilith,0.0,0.0,0.0,0.0,0.0,0.0,0.0,0.0,0.0,0.0,0.0,0.0,0.0,0.0,0.0,0.0,0.0,0.0,0.0,0.0,0.0,0.0,0.0,0.0,0.0,0.0,0.0,0.0,0.0,0.0,0.0,0.0,0.0,0.0,0.0,0.0,0.0,0.0
indie soul,0.0,0.0,0.0,0.0,0.0,0.0,0.0,0.0,0.0,0.0,0.0,0.0,0.0,0.0,0.0,0.0,0.0,0.0,0.0,0.0,0.0,0.0,0.0,0.0,0.0,0.0,0.0,0.0,0.0,0.0,0.0,0.0,0.0,0.0,0.0,0.0,0.0,0.0
la pop,0.0,0.0,0.0,0.0,0.0,0.0,0.0,0.0,0.0,0.0,0.0,0.0,0.01,0.0,0.0,0.0,0.0,0.0,0.0,0.0,0.0,0.0,0.0,0.0,0.0,0.0,0.0,0.0,0.0,0.0,0.0,0.0,0.0,0.0,0.0,0.0,0.0,0.0
indie rock,0.0,0.0,0.0,0.0,0.0,0.0,0.0,0.0,0.0,0.0,0.0,0.0,0.0,0.0,0.0,0.011904761904761904,0.0125,0.0,0.0,0.0,0.0,0.0,0.0,0.0,0.0,0.0,0.0,0.0,0.0,0.0,0.0,0.0,0.0,0.0,0.0,0.0,0.0,0.0
indietronica,0.0,0.0,0.0,0.034482758620689655,0.0,0.0,0.0,0.0,0.0,0.0,0.0,0.0,0.0,0.0,0.0,0.011904761904761904,0.0125,0.0,0.0,0.0,0.0,0.0,0.0,0.0,0.0,0.0,0.0,0.0,0.0,0.0,0.0,0.0,0.0,0.0,0.0,0.0,0.0,0.0
modern alternative rock,0.0,0.0,0.0,0.0,0.0,0.0,0.0,0.0,0.0,0.0,0.0,0.0,0.0,0.0,0.0,0.011904761904761904,0.0125,0.0,0.0,0.0,0.0,0.0,0.0,0.0,0.0,0.0,0.0,0.0,0.0,0.0,0.0,0.0,0.0,0.0,0.0,0.0,0.0,0.0
stomp and holler,0.0,0.0,0.0,0.0,0.0,0.0,0.0,0.0,0.0,0.010101010101010102,0.0,0.0,0.0,0.0,0.0,0.011904761904761904,0.0125,0.01,0.0,0.0,0.0,0.0,0.0,0.0,0.0,0.0,0.0,0.0,0.0,0.015151515151515152,0.02,0.0,0.0,0.0,0.0,0.0,0.0,0.0
boy band,0.0,0.0,0.043478260869565216,0.034482758620689655,0.0,0.0,0.0,0.0,0.0,0.0,0.0,0.020202020202020204,0.0,0.0,0.0,0.0,0.0,0.0,0.0,0.0,0.01,0.0,0.0,0.01,0.0,0.0,0.0,0.0,0.0,0.0,0.0,0.0,0.0,0.0,0.0,0.0,0.010101010101010102,0.0
channel pop,0.0,0.0,0.0,0.0,0.0,0.0,0.0,0.0,0.0,0.0,0.0,0.0,0.0,0.0,0.0,0.0,0.0,0.0,0.0,0.0,0.0,0.0,0.0,0.0,0.0,0.0,0.0,0.0,0.0,0.0,0.01,0.0,0.0,0.0,0.0,0.0,0.0,0.0
boston hip hop,0.0,0.034482758620689655,0.0,0.0,0.0,0.0,0.0,0.0,0.0,0.0,0.03571428571428571,0.0,0.0,0.0,0.0,0.0,0.025,0.0,0.0,0.0,0.0,0.0,0.0,0.0,0.0,0.0,0.0,0.0,0.02564102564102564,0.0,0.0,0.0,0.0,0.0,0.0,0.0,0.0,0.0
hardcore hip hop,0.058823529411764705,0.0,0.0,0.0,0.0,0.0,0.0,0.0,0.0,0.0,0.0,0.0,0.0,0.0,0.02,0.0,0.0,0.0,0.0,0.0,0.01,0.0,0.0,0.0,0.0,0.0,0.0,0.0,0.0,0.0,0.0,0.010101010101010102,0.0,0.0,0.0,0.0,0.0,0.0
rap rock,0.0,0.0,0.0,0.0,0.0,0.0,0.0,0.0,0.0,0.0,0.0,0.0,0.0,0.0,0.01,0.0,0.0,0.0,0.0,0.0,0.0,0.0,0.0,0.0,0.0,0.0,0.0,0.0,0.0,0.0,0.0,0.0,0.0,0.0,0.0,0.0,0.0,0.0
philly rap,0.029411764705882353,0.0,0.0,0.0,0.0,0.0,0.0,0.0,0.0,0.0,0.0,0.0,0.0,0.0,0.04,0.0,0.0,0.0,0.01,0.01,0.01,0.015873015873015872,0.0,0.01,0.0,0.0,0.014084507042253521,0.0,0.0,0.045454545454545456,0.0,0.010101010101010102,0.022222222222222223,0.0,0.0,0.0,0.0,0.013333333333333334
bronx hip hop,0.0,0.0,0.0,0.0,0.0,0.0,0.0,0.0,0.0,0.0,0.0,0.0,0.0,0.0,0.01,0.0,0.0,0.0,0.0,0.0,0.0,0.0,0.0,0.0,0.0,0.0,0.0,0.0,0.0,0.0,0.0,0.0,0.0,0.0,0.0,0.0,0.0,0.0
san diego rap,0.0,0.0,0.0,0.0,0.0,0.0,0.0,0.0,0.0,0.0,0.0,0.0,0.0,0.0,0.01,0.0,0.0,0.0,0.0,0.0,0.0,0.0,0.0,0.0,0.0,0.0,0.0,0.01,0.0,0.0,0.0,0.0,0.0,0.0,0.0,0.0,0.0,0.0
cali rap,0.0,0.06896551724137931,0.043478260869565216,0.034482758620689655,0.0,0.0,0.0,0.0,0.0,0.0,0.03571428571428571,0.0,0.0,0.0,0.0,0.0,0.0,0.0,0.01,0.0,0.0,0.0,0.0,0.0,0.0,0.0,0.014084507042253521,0.0,0.0,0.015151515151515152,0.0,0.0,0.0,0.0,0.0,0.0,0.0,0.013333333333333334
alternative hip hop,0.058823529411764705,0.0,0.0,0.0,0.0,0.0,0.0,0.0,0.0,0.0,0.0,0.0,0.0,0.0,0.0,0.0,0.0,0.0,0.0,0.0,0.0,0.0,0.0,0.0,0.0,0.0,0.0,0.0,0.0,0.0,0.01,0.010101010101010102,0.0,0.0,0.0,0.0,0.0,0.0
bc underground hip hop,0.0,0.0,0.0,0.0,0.0,0.0,0.0,0.0,0.0,0.0,0.0,0.0,0.0,0.0,0.0,0.0,0.0,0.0,0.0,0.0,0.0,0.0,0.0,0.0,0.0,0.0,0.0,0.0,0.0,0.0,0.0,0.0,0.0,0.0,0.0,0.0,0.0,0.0
country rap,0.0,0.0,0.0,0.0,0.0,0.0,0.0,0.0,0.0,0.0,0.0,0.0,0.0,0.043478260869565216,0.0,0.0,0.0,0.0,0.0,0.0,0.0,0.0,0.0,0.0,0.0,0.0,0.0,0.0,0.0,0.0,0.0,0.0,0.0,0.0,0.0,0.0,0.0,0.0
rap conscient,0.0,0.0,0.0,0.034482758620689655,0.0,0.0,0.0,0.0,0.0,0.0,0.0,0.0,0.01,0.0,0.0,0.0,0.0,0.0,0.0,0.0,0.0,0.0,0.0,0.01,0.0,0.0,0.0,0.0,0.0,0.0,0.0,0.0,0.0,0.0,0.0,0.0,0.0,0.0
victoria bc indie,0.0,0.0,0.0,0.0,0.0,0.0,0.0,0.0,0.0,0.0,0.0,0.0,0.0,0.0,0.0,0.0,0.0,0.0,0.0,0.0,0.0,0.0,0.0,0.0,0.0,0.0,0.0,0.0,0.0,0.0,0.0,0.0,0.0,0.0,0.0,0.0,0.0,0.0
indie anthem-folk,0.0,0.0,0.0,0.0,0.0,0.0,0.0,0.0,0.0,0.0,0.0,0.0,0.0,0.0,0.0,0.0,0.0,0.0,0.0,0.0,0.0,0.0,0.0,0.0,0.0,0.0,0.0,0.0,0.0,0.0,0.0,0.0,0.0,0.0,0.0,0.0,0.0,0.0
indiecoustica,0.0,0.0,0.0,0.0,0.0,0.0,0.0,0.0,0.0,0.0,0.0,0.0,0.0,0.0,0.0,0.0,0.0,0.0,0.0,0.0,0.0,0.0,0.0,0.0,0.0,0.0,0.0,0.0,0.0,0.0,0.01,0.0,0.0,0.0,0.0,0.0,0.0,0.0
garage rock,0.0,0.0,0.0,0.0,0.0,0.0,0.0,0.0,0.0,0.0,0.0,0.0,0.0,0.0,0.0,0.0,0.0,0.0,0.0,0.0,0.0,0.0,0.0,0.0,0.0,0.0,0.0,0.0,0.0,0.0,0.0,0.0,0.0,0.0,0.0,0.0,0.0,0.0
permanent wave,0.0,0.0,0.0,0.0,0.0,0.0,0.0,0.0,0.0,0.020202020202020204,0.0,0.010101010101010102,0.0,0.0,0.0,0.0,0.0125,0.01,0.0,0.01,0.01,0.0,0.0,0.0,0.0,0.0,0.0,0.0,0.0,0.015151515151515152,0.01,0.0,0.0,0.03125,0.0,0.0,0.010101010101010102,0.0
sheffield indie,0.0,0.0,0.0,0.0,0.0,0.0,0.0,0.0,0.0,0.0,0.0,0.0,0.0,0.0,0.0,0.0,0.0,0.0,0.0,0.0,0.0,0.0,0.0,0.0,0.0,0.0,0.0,0.0,0.0,0.0,0.0,0.0,0.0,0.0,0.0,0.0,0.0,0.0
reggae,0.0,0.0,0.0,0.0,0.0,0.0,0.0,0.0,0.0,0.0,0.0,0.0,0.0,0.0,0.0,0.0,0.0,0.0,0.0,0.0,0.01,0.0,0.0,0.0,0.0,0.0,0.0,0.0,0.0,0.0,0.0,0.0,0.0,0.0,0.0,0.0,0.0,0.0
australian indie,0.0,0.0,0.0,0.0,0.0,0.0,0.0,0.0,0.0,0.0,0.0,0.010101010101010102,0.0,0.0,0.0,0.0,0.0,0.0,0.0,0.0,0.0,0.0,0.0,0.0,0.0,0.0,0.0,0.0,0.0,0.0,0.0,0.0,0.0,0.0,0.0,0.0,0.0,0.0
australian indie folk,0.0,0.0,0.0,0.0,0.0,0.0,0.0,0.0,0.0,0.0,0.0,0.0,0.0,0.0,0.0,0.0,0.0,0.0,0.0,0.0,0.0,0.0,0.0,0.0,0.0,0.0,0.0,0.0,0.0,0.0,0.0,0.0,0.0,0.0,0.0,0.0,0.0,0.0
indie folk,0.0,0.0,0.0,0.0,0.0,0.0,0.0,0.0,0.0,0.0,0.0,0.0,0.0,0.0,0.0,0.0,0.0,0.01,0.0,0.0,0.0,0.0,0.0,0.0,0.0,0.0,0.0,0.0,0.0,0.015151515151515152,0.02,0.0,0.0,0.0,0.0,0.0,0.0,0.0
chicago indie,0.0,0.0,0.0,0.0,0.0,0.0,0.0,0.0,0.0,0.0,0.0,0.0,0.0,0.0,0.0,0.0,0.0,0.0,0.0,0.0,0.0,0.0,0.0,0.0,0.0,0.0,0.0,0.0,0.0,0.0,0.0,0.0,0.0,0.0,0.0,0.0,0.010101010101010102,0.0
candy pop,0.0,0.0,0.0,0.034482758620689655,0.0,0.0,0.0,0.0,0.0,0.0,0.0,0.0,0.0,0.0,0.0,0.0,0.0,0.0,0.0,0.0,0.0,0.0,0.0,0.0,0.0,0.0,0.0,0.0,0.0,0.0,0.0,0.0,0.0,0.0,0.0,0.0,0.0,0.0
british soul,0.0,0.0,0.0,0.0,0.0,0.0,0.0,0.0,0.0,0.0,0.0,0.0,0.0,0.0,0.0,0.0,0.0,0.0,0.0,0.0,0.0,0.0,0.0,0.0,0.0,0.0,0.0,0.0,0.0,0.0,0.09,0.0,0.0,0.0,0.0,0.0,0.0,0.013333333333333334
folk-pop,0.0,0.0,0.0,0.0,0.0,0.0,0.0,0.0,0.0,0.020202020202020204,0.0,0.020202020202020204,0.0,0.0,0.0,0.011904761904761904,0.0125,0.02,0.0,0.0,0.0,0.0,0.0,0.0,0.0,0.0,0.0,0.0,0.0,0.0,0.02,0.0,0.0,0.0,0.0,0.0,0.0,0.0
art pop,0.0,0.0,0.0,0.0,0.0,0.0,0.0,0.015151515151515152,0.0,0.0,0.0,0.0,0.0,0.0,0.0,0.0,0.0,0.0,0.0,0.0,0.0,0.0,0.0,0.0,0.0,0.0,0.0,0.0,0.0,0.0,0.0,0.0,0.0,0.0,0.0,0.0,0.0,0.0
nz pop,0.0,0.0,0.0,0.0,0.0,0.0,0.0,0.0,0.0,0.0,0.0,0.0,0.0,0.0,0.0,0.0,0.0,0.0,0.0,0.0,0.0,0.0,0.0,0.0,0.0,0.0,0.0,0.0,0.0,0.0,0.0,0.0,0.0,0.0,0.0,0.0,0.0,0.0
post-grunge,0.0,0.0,0.0,0.0,0.0,0.0,0.0,0.0,0.0,0.0,0.0,0.010101010101010102,0.0,0.0,0.0,0.0,0.0,0.0,0.0,0.0,0.02,0.0,0.0,0.0,0.0,0.0,0.0,0.0,0.0,0.0,0.0,0.020202020202020204,0.0,0.0,0.0,0.0,0.0,0.0
texas pop punk,0.0,0.0,0.0,0.0,0.0,0.0,0.0,0.0,0.0,0.0,0.0,0.0,0.0,0.0,0.0,0.0,0.0,0.0,0.0,0.0,0.0,0.0,0.0,0.0,0.0,0.0,0.0,0.0,0.0,0.0,0.0,0.0,0.0,0.0,0.0,0.0,0.0,0.0
reggae fusion,0.0,0.0,0.0,0.0,0.0,0.0,0.0,0.0,0.0,0.0,0.0,0.020202020202020204,0.0,0.0,0.0,0.0,0.0,0.0,0.0,0.0,0.0,0.0,0.0,0.01,0.0,0.0,0.0,0.0,0.0,0.0,0.01,0.0,0.022222222222222223,0.0,0.0,0.0,0.010101010101010102,0.013333333333333334
virgin islands reggae,0.0,0.0,0.0,0.0,0.0,0.0,0.0,0.0,0.0,0.0,0.0,0.010101010101010102,0.0,0.0,0.0,0.0,0.0,0.0,0.0,0.0,0.0,0.0,0.0,0.0,0.0,0.0,0.0,0.0,0.0,0.0,0.01,0.0,0.0,0.0,0.0,0.0,0.0,0.0
australian hip hop,0.0,0.0,0.0,0.0,0.0,0.0,0.0,0.0,0.0,0.0,0.0,0.0,0.0,0.0,0.0,0.0,0.0,0.0,0.0,0.0,0.0,0.0,0.0,0.0,0.0,0.0,0.0,0.0,0.0,0.0,0.0,0.0,0.0,0.0,0.0,0.0,0.0,0.0
tropical,0.0,0.0,0.0,0.0,0.0,0.0,0.0,0.0,0.0,0.0,0.0,0.010101010101010102,0.0,0.0,0.0,0.0,0.0,0.0,0.0,0.0,0.0,0.0,0.0,0.0,0.0,0.0,0.0,0.0,0.0,0.0,0.0,0.0,0.022222222222222223,0.0,0.0,0.0,0.0,0.0
neon pop punk,0.0,0.0,0.0,0.0,0.0,0.0,0.0,0.0,0.0,0.0,0.0,0.020202020202020204,0.0,0.0,0.0,0.0,0.0,0.0,0.0,0.0,0.0,0.0,0.0,0.0,0.0,0.0,0.0,0.0,0.0,0.0,0.0,0.0,0.0,0.0,0.0,0.0,0.0,0.0
big room,0.0,0.0,0.0,0.0,0.0,0.0,0.0,0.0,0.0,0.0,0.0,0.010101010101010102,0.0,0.0,0.0,0.0,0.0,0.0,0.0,0.0,0.0,0.0,0.0,0.0,0.0,0.0,0.0,0.0,0.0,0.0,0.0,0.0,0.0,0.0,0.0,0.0,0.0,0.0
disco house,0.0,0.0,0.0,0.0,0.0,0.0,0.0,0.0,0.0,0.0,0.0,0.010101010101010102,0.0,0.0,0.0,0.0,0.0,0.0,0.0,0.0,0.0,0.0,0.0,0.0,0.0,0.0,0.0,0.0,0.0,0.0,0.0,0.0,0.0,0.0,0.0,0.0,0.0,0.0
swedish electropop,0.0,0.0,0.0,0.0,0.0,0.0,0.0,0.0,0.0,0.0,0.0,0.010101010101010102,0.0,0.0,0.0,0.0,0.0,0.0,0.0,0.0,0.0,0.0,0.0,0.0,0.0,0.0,0.0,0.0,0.0,0.0,0.0,0.0,0.0,0.0,0.0,0.0,0.0,0.0
swedish pop,0.0,0.0,0.0,0.0,0.0,0.0,0.0,0.0,0.0,0.0,0.0,0.010101010101010102,0.0,0.0,0.0,0.0,0.0,0.0,0.0,0.0,0.0,0.0,0.0,0.0,0.0,0.0,0.0,0.0,0.0,0.0,0.0,0.0,0.0,0.0,0.0,0.0,0.0,0.0
swedish synthpop,0.0,0.0,0.0,0.0,0.0,0.0,0.0,0.0,0.0,0.0,0.0,0.010101010101010102,0.0,0.0,0.0,0.0,0.0,0.0,0.0,0.0,0.0,0.0,0.0,0.0,0.0,0.0,0.0,0.0,0.0,0.0,0.0,0.0,0.0,0.0,0.0,0.0,0.0,0.0
house,0.0,0.0,0.0,0.0,0.0,0.0,0.0,0.0,0.0,0.0,0.0,0.010101010101010102,0.0,0.0,0.0,0.011904761904761904,0.0,0.01,0.0,0.01,0.0,0.0,0.0,0.0,0.0,0.0,0.0,0.01,0.0,0.030303030303030304,0.0,0.0,0.0,0.0,0.0,0.0,0.0,0.0
progressive house,0.0,0.0,0.0,0.0,0.0,0.0,0.0,0.0,0.0,0.0,0.0,0.010101010101010102,0.0,0.0,0.0,0.011904761904761904,0.0,0.01,0.0,0.01,0.0,0.0,0.0,0.0,0.0,0.0,0.0,0.01,0.0,0.030303030303030304,0.0,0.0,0.0,0.0,0.0,0.0,0.0,0.0
uk dance,0.0,0.0,0.0,0.0,0.0,0.0,0.0,0.0,0.0,0.0,0.0,0.010101010101010102,0.0,0.0,0.0,0.011904761904761904,0.0,0.01,0.0,0.01,0.0,0.0,0.0,0.0,0.0,0.0,0.0,0.01,0.0,0.030303030303030304,0.0,0.0,0.0,0.0,0.0,0.0,0.0,0.0
new jersey rap,0.0,0.0,0.0,0.0,0.0,0.0,0.0,0.0,0.0,0.0,0.0,0.020202020202020204,0.01,0.0,0.0,0.0,0.0,0.0,0.0,0.0,0.0,0.0,0.0,0.02,0.0,0.0,0.0,0.0,0.0,0.0,0.0,0.0,0.0,0.0,0.0,0.0,0.0,0.0
modern folk rock,0.0,0.0,0.0,0.0,0.0,0.0,0.0,0.0,0.0,0.010101010101010102,0.0,0.0,0.0,0.0,0.0,0.0,0.0,0.0,0.0,0.0,0.0,0.0,0.0,0.0,0.0,0.0,0.0,0.0,0.0,0.0,0.01,0.0,0.0,0.0,0.0,0.0,0.0,0.0
uk americana,0.0,0.0,0.0,0.0,0.0,0.0,0.0,0.0,0.0,0.010101010101010102,0.0,0.0,0.0,0.0,0.0,0.0,0.0,0.0,0.0,0.0,0.0,0.0,0.0,0.0,0.0,0.0,0.0,0.0,0.0,0.0,0.0,0.0,0.0,0.0,0.0,0.0,0.0,0.0
punk,0.0,0.0,0.0,0.0,0.0,0.0,0.0,0.0,0.0,0.010101010101010102,0.0,0.010101010101010102,0.0,0.0,0.0,0.0,0.0,0.0,0.0,0.0,0.01,0.0,0.0,0.0,0.0,0.0,0.0,0.0,0.0,0.0,0.0,0.0,0.0,0.03125,0.0,0.0,0.0,0.0
cartoon,0.0,0.0,0.0,0.0,0.0,0.0,0.0,0.0,0.06818181818181818,0.0,0.0,0.0,0.0,0.0,0.0,0.0,0.0,0.0,0.0,0.0,0.0,0.0,0.0,0.0,0.0,0.0,0.0,0.0,0.0,0.0,0.0,0.0,0.0,0.0,0.0,0.0,0.0,0.0
london rap,0.0,0.0,0.0,0.0,0.0,0.0,0.0,0.0,0.022727272727272728,0.0,0.0,0.0,0.0,0.0,0.0,0.0,0.0,0.0,0.0,0.0,0.0,0.0,0.0,0.0,0.0,0.0,0.0,0.0,0.0,0.0,0.0,0.0,0.0,0.0,0.0,0.0,0.0,0.0
antiviral pop,0.0,0.0,0.0,0.0,0.0,0.0,0.0,0.0,0.2727272727272727,0.0,0.0,0.0,0.0,0.0,0.0,0.0,0.0,0.0,0.0,0.0,0.0,0.0,0.0,0.0,0.0,0.0,0.0,0.0,0.0,0.0,0.0,0.0,0.0,0.0,0.0,0.0,0.0,0.0
children's music,0.0,0.0,0.0,0.0,0.0,0.0,0.0,0.0,0.045454545454545456,0.0,0.0,0.0,0.0,0.0,0.0,0.0,0.0,0.0,0.0,0.0,0.0,0.0,0.0,0.0,0.0,0.0,0.0,0.0,0.0,0.0,0.0,0.0,0.0,0.0,0.0,0.0,0.0,0.0
barbershop,0.0,0.0,0.0,0.0,0.0,0.0,0.0,0.0,0.045454545454545456,0.0,0.0,0.0,0.0,0.0,0.0,0.0,0.0,0.0,0.0,0.0,0.0,0.0,0.0,0.0,0.0,0.0,0.0,0.0,0.0,0.0,0.0,0.0,0.0,0.0,0.0,0.0,0.0,0.0
parody,0.0,0.0,0.0,0.0,0.0,0.0,0.0,0.0,0.13636363636363635,0.0,0.0,0.0,0.0,0.0,0.0,0.0,0.0,0.0,0.0,0.0,0.0,0.0,0.0,0.0,0.0,0.0,0.0,0.0,0.0,0.0,0.0,0.0,0.0,0.0,0.0,0.0,0.0,0.0
comedy rock,0.0,0.0,0.0,0.0,0.0,0.0,0.0,0.0,0.022727272727272728,0.0,0.0,0.0,0.0,0.0,0.0,0.0,0.0,0.0,0.0,0.0,0.0,0.0,0.0,0.0,0.0,0.0,0.0,0.0,0.0,0.0,0.0,0.0,0.0,0.0,0.0,0.0,0.0,0.0
channel islands indie,0.0,0.0,0.0,0.0,0.0,0.0,0.0,0.015151515151515152,0.0,0.0,0.0,0.0,0.0,0.0,0.0,0.0,0.0,0.0,0.0,0.0,0.0,0.0,0.0,0.0,0.0,0.0,0.0,0.0,0.0,0.0,0.0,0.0,0.0,0.0,0.0,0.0,0.0,0.0
vapor soul,0.0,0.0,0.0,0.0,0.0,0.0,0.0,0.015151515151515152,0.0,0.0,0.0,0.0,0.0,0.0,0.0,0.0,0.0,0.0,0.0,0.0,0.0,0.0,0.0,0.0,0.0,0.0,0.0,0.0,0.0,0.0,0.0,0.0,0.0,0.0,0.0,0.0,0.0,0.0
portland hip hop,0.0,0.034482758620689655,0.13043478260869565,0.0,0.0,0.0,0.0,0.015151515151515152,0.0,0.010101010101010102,0.0,0.0,0.0,0.0,0.01,0.011904761904761904,0.0,0.01,0.0,0.0,0.0,0.0,0.0,0.0,0.0,0.0,0.014084507042253521,0.01,0.0,0.0,0.0,0.0,0.0,0.0,0.0,0.0,0.0,0.013333333333333334
chicano rap,0.0,0.0,0.0,0.0,0.0,0.0,0.017241379310344827,0.015151515151515152,0.0,0.010101010101010102,0.0,0.0,0.0,0.0,0.0,0.0,0.0,0.0,0.01,0.0,0.0,0.0,0.0,0.0,0.0,0.0,0.0,0.0,0.0,0.0,0.0,0.0,0.0,0.0,0.0,0.0,0.0,0.0
la indie,0.0,0.0,0.0,0.034482758620689655,0.02702702702702703,0.0,0.0,0.0,0.0,0.0,0.0,0.0,0.0,0.0,0.0,0.0,0.0,0.0,0.0,0.0,0.0,0.0,0.0,0.0,0.0,0.0,0.0,0.0,0.0,0.0,0.0,0.0,0.0,0.0,0.0,0.0,0.0,0.0
australian alternative pop,0.0,0.0,0.0,0.0,0.10810810810810811,0.0,0.0,0.0,0.0,0.0,0.0,0.0,0.0,0.0,0.0,0.0,0.0125,0.0,0.0,0.0,0.0,0.0,0.0,0.0,0.0,0.0,0.0,0.0,0.0,0.0,0.0,0.0,0.0,0.0,0.0,0.0,0.0,0.0
australian dance,0.029411764705882353,0.0,0.0,0.0,0.0,0.0,0.0,0.0,0.0,0.0,0.0,0.0,0.0,0.0,0.0,0.0,0.0,0.0,0.0,0.0,0.0,0.0,0.0,0.0,0.0,0.0,0.0,0.0,0.0,0.0,0.0,0.0,0.0,0.0,0.0,0.0,0.0,0.0
deep talent show,0.029411764705882353,0.0,0.0,0.0,0.0,0.0,0.0,0.0,0.0,0.0,0.0,0.0,0.0,0.0,0.0,0.0,0.0,0.0,0.0,0.0,0.0,0.0,0.0,0.0,0.0,0.0,0.0,0.0,0.0,0.0,0.0,0.0,0.0,0.0,0.0,0.0,0.0,0.0
vocal jazz,0.17647058823529413,0.0,0.0,0.034482758620689655,0.0,0.0,0.0,0.0,0.0,0.0,0.03571428571428571,0.0,0.0,0.0,0.0,0.0,0.0,0.0,0.0,0.0,0.0,0.0,0.0,0.0,0.0,0.0,0.0,0.0,0.0,0.0,0.0,0.0,0.0,0.0,0.0,0.0,0.0,0.0
alternative rock,0.0,0.0,0.0,0.0,0.0,0.0,0.0,0.0,0.0,0.0,0.0,0.010101010101010102,0.0,0.0,0.0,0.0,0.0,0.0,0.0,0.0,0.02,0.0,0.0,0.0,0.0,0.0,0.0,0.0,0.0,0.0,0.01,0.020202020202020204,0.0,0.0,0.0,0.0,0.0,0.0
blues rock,0.0,0.0,0.0,0.0,0.0,0.0,0.0,0.0,0.0,0.0,0.0,0.0,0.0,0.0,0.0,0.0,0.0,0.0,0.0,0.0,0.0,0.0,0.0,0.0,0.0,0.0,0.0,0.0,0.0,0.0,0.0,0.0,0.0,0.0,0.0,0.0,0.0,0.0
modern blues rock,0.0,0.0,0.0,0.0,0.0,0.0,0.0,0.0,0.0,0.0,0.0,0.0,0.0,0.0,0.0,0.0,0.0,0.0,0.0,0.0,0.0,0.0,0.0,0.0,0.0,0.0,0.0,0.0,0.0,0.0,0.0,0.0,0.0,0.0,0.0,0.0,0.0,0.0
punk blues,0.0,0.0,0.0,0.0,0.0,0.0,0.0,0.0,0.0,0.0,0.0,0.0,0.0,0.0,0.0,0.0,0.0,0.0,0.0,0.0,0.0,0.0,0.0,0.0,0.0,0.0,0.0,0.0,0.0,0.0,0.0,0.0,0.0,0.0,0.0,0.0,0.0,0.0
k-hop,0.0,0.0,0.0,0.034482758620689655,0.0,0.0,0.0,0.0,0.0,0.0,0.0,0.0,0.0,0.0,0.0,0.0,0.0,0.0,0.0,0.0,0.0,0.0,0.0,0.0,0.0,0.0,0.0,0.0,0.0,0.0,0.0,0.0,0.0,0.0,0.0,0.0,0.0,0.0
bedroom soul,0.0,0.0,0.0,0.0,0.02702702702702703,0.0,0.0,0.0,0.0,0.0,0.0,0.0,0.0,0.0,0.0,0.0,0.0,0.0,0.0,0.0,0.0,0.0,0.0,0.0,0.0,0.0,0.0,0.0,0.0,0.0,0.0,0.0,0.0,0.0,0.0,0.0,0.0,0.0
minnesota hip hop,0.0,0.0,0.043478260869565216,0.0,0.02702702702702703,0.0,0.0,0.0,0.0,0.0,0.0,0.0,0.0,0.08695652173913043,0.0,0.0,0.0,0.0,0.0,0.0,0.0,0.0,0.0,0.0,0.0,0.0,0.0,0.0,0.0,0.0,0.0,0.0,0.0,0.0,0.0,0.0,0.0,0.0
indie electropop,0.0,0.0,0.0,0.034482758620689655,0.0,0.0,0.0,0.0,0.0,0.0,0.0,0.0,0.0,0.0,0.0,0.0,0.0,0.0,0.0,0.0,0.0,0.0,0.0,0.0,0.0,0.0,0.0,0.0,0.0,0.0,0.0,0.0,0.0,0.0,0.0,0.0,0.0,0.0
desi hip hop,0.0,0.0,0.0,0.0,0.0,0.0,0.0,0.0,0.0,0.0,0.0,0.0,0.0,0.0,0.0,0.0,0.0,0.0,0.0,0.0,0.0,0.0,0.0,0.0,0.0,0.0,0.0,0.0,0.0,0.0,0.0,0.0,0.0,0.0,0.0,0.0,0.0,0.0
punjabi pop,0.0,0.0,0.0,0.0,0.0,0.0,0.0,0.0,0.0,0.0,0.0,0.0,0.0,0.0,0.0,0.0,0.0,0.0,0.0,0.0,0.0,0.0,0.0,0.0,0.0,0.5,0.0,0.0,0.0,0.0,0.0,0.0,0.0,0.0,0.0,0.0,0.0,0.0
sudanese pop,0.0,0.0,0.0,0.034482758620689655,0.0,0.0,0.0,0.0,0.0,0.0,0.03571428571428571,0.0,0.0,0.0,0.0,0.0,0.0,0.0,0.01,0.0,0.0,0.0,0.0,0.0,0.0,0.0,0.0,0.0,0.0,0.0,0.0,0.0,0.0,0.0,0.0,0.0,0.0,0.0
basshall,0.0,0.0,0.0,0.0,0.0,0.0,0.0,0.0,0.0,0.0,0.0,0.0,0.0,0.0,0.0,0.0,0.0,0.0,0.0,0.0,0.0,0.0,0.0,0.0,0.0,0.0,0.0,0.0,0.0,0.0,0.0,0.0,0.0,0.0,0.0,0.0,0.0,0.0
dutch hip hop,0.0,0.0,0.0,0.0,0.0,0.0,0.0,0.0,0.0,0.0,0.0,0.0,0.0,0.0,0.0,0.0,0.0,0.0,0.0,0.0,0.0,0.0,0.0,0.0,0.0,0.0,0.0,0.0,0.0,0.0,0.0,0.0,0.0,0.0,0.0,0.0,0.0,0.0
dutch pop,0.0,0.0,0.0,0.0,0.0,0.0,0.0,0.0,0.0,0.0,0.0,0.0,0.0,0.0,0.0,0.0,0.0,0.0,0.0,0.0,0.0,0.0,0.0,0.0,0.0,0.0,0.0,0.0,0.0,0.0,0.0,0.0,0.0,0.0,0.0,0.0,0.0,0.0
dutch urban,0.0,0.0,0.0,0.0,0.0,0.0,0.0,0.0,0.0,0.0,0.0,0.0,0.0,0.0,0.0,0.0,0.0,0.0,0.0,0.0,0.0,0.0,0.0,0.0,0.0,0.0,0.0,0.0,0.0,0.0,0.0,0.0,0.0,0.0,0.0,0.0,0.0,0.0
deep indian pop,0.0,0.0,0.0,0.0,0.0,0.0,0.0,0.0,0.0,0.0,0.0,0.0,0.0,0.0,0.0,0.0,0.0,0.0,0.0,0.0,0.0,0.0,0.0,0.0,0.0,0.0,0.0,0.0,0.0,0.0,0.0,0.0,0.0,0.0,0.0,0.0,0.0,0.0
scandinavian r&b,0.0,0.0,0.0,0.0,0.0,0.0,0.0,0.0,0.0,0.0,0.0,0.0,0.0,0.0,0.0,0.0,0.0,0.0,0.0,0.0,0.0,0.0,0.0,0.0,0.0,0.0,0.0,0.0,0.0,0.0,0.0,0.0,0.0,0.0,0.0,0.0,0.0,0.0
swedish soul,0.0,0.0,0.0,0.0,0.0,0.0,0.0,0.0,0.0,0.0,0.0,0.0,0.0,0.0,0.0,0.0,0.0,0.0,0.0,0.0,0.0,0.0,0.0,0.0,0.0,0.0,0.0,0.0,0.0,0.0,0.0,0.0,0.0,0.0,0.0,0.0,0.0,0.0
new rave,0.0,0.0,0.0,0.0,0.0,0.0,0.0,0.0,0.0,0.0,0.0,0.0,0.0,0.0,0.0,0.0,0.0,0.0,0.0,0.0,0.0,0.0,0.0,0.0,0.0,0.0,0.0,0.0,0.0,0.0,0.0,0.0,0.0,0.0,0.0,0.0,0.0,0.0
viral trap,0.0,0.0,0.0,0.0,0.0,0.0,0.0,0.0,0.0,0.0,0.0,0.0,0.0,0.0,0.02,0.0,0.0,0.0,0.0,0.0,0.0,0.0,0.0,0.0,0.0,0.0,0.014084507042253521,0.0,0.0,0.015151515151515152,0.0,0.0,0.0,0.0,0.0,0.0,0.0,0.0
etherpop,0.0,0.0,0.0,0.0,0.0,0.0,0.0,0.0,0.0,0.010101010101010102,0.0,0.0,0.01,0.0,0.0,0.0,0.0125,0.01,0.0,0.01,0.0,0.0,0.0,0.0,0.0,0.0,0.0,0.0,0.0,0.015151515151515152,0.0,0.0,0.0,0.015625,0.0,0.0,0.0,0.013333333333333334
idol,0.0,0.0,0.0,0.0,0.0,0.0,0.0,0.0,0.0,0.0,0.0,0.0,0.0,0.0,0.0,0.0,0.0125,0.01,0.0,0.0,0.0,0.0,0.0,0.0,0.0,0.0,0.0,0.0,0.0,0.0,0.0,0.0,0.0,0.015625,0.0,0.0,0.010101010101010102,0.0
neo-singer-songwriter,0.0,0.0,0.0,0.0,0.0,0.0,0.0,0.0,0.0,0.0,0.0,0.0,0.0,0.0,0.0,0.0,0.0,0.01,0.0,0.0,0.0,0.0,0.0,0.0,0.0,0.0,0.0,0.0,0.0,0.0,0.0,0.0,0.0,0.0,0.0,0.0,0.0,0.0
chillwave,0.0,0.0,0.0,0.0,0.0,0.0,0.0,0.0,0.0,0.0,0.0,0.0,0.0,0.0,0.0,0.0,0.0,0.0,0.0,0.0,0.0,0.0,0.0,0.0,0.0,0.0,0.0,0.0,0.0,0.0,0.0,0.0,0.0,0.0,0.0,0.0,0.0,0.0
ninja,0.0,0.0,0.0,0.0,0.0,0.0,0.0,0.0,0.0,0.0,0.0,0.0,0.0,0.0,0.0,0.0,0.0,0.0,0.0,0.0,0.0,0.0,0.0,0.0,0.0,0.0,0.0,0.0,0.0,0.0,0.0,0.0,0.0,0.0,0.0,0.0,0.0,0.0
trance,0.0,0.0,0.0,0.0,0.0,0.0,0.0,0.0,0.0,0.0,0.0,0.0,0.0,0.0,0.0,0.0,0.0,0.0,0.0,0.0,0.0,0.0,0.0,0.0,0.0,0.0,0.0,0.0,0.0,0.0,0.0,0.0,0.0,0.0,0.0,0.0,0.0,0.0
new americana,0.0,0.0,0.0,0.0,0.0,0.0,0.0,0.0,0.0,0.0,0.0,0.0,0.0,0.0,0.0,0.0,0.0,0.01,0.0,0.0,0.0,0.0,0.0,0.0,0.0,0.0,0.0,0.0,0.0,0.015151515151515152,0.01,0.0,0.0,0.0,0.0,0.0,0.0,0.0
memphis hip hop,0.0,0.0,0.0,0.0,0.0,0.0,0.0,0.0,0.0,0.0,0.0,0.0,0.0,0.0,0.0,0.0,0.0,0.0,0.0,0.0,0.0,0.0,0.0,0.0,0.0,0.0,0.0,0.0,0.0,0.0,0.0,0.0,0.0,0.0,0.0,0.14285714285714285,0.0,0.0
moombahton,0.0,0.0,0.0,0.0,0.0,0.0,0.0,0.0,0.0,0.0,0.0,0.0,0.0,0.0,0.0,0.0,0.0,0.0,0.0,0.0,0.0,0.0,0.0,0.0,0.0,0.0,0.0,0.0,0.0,0.015151515151515152,0.0,0.0,0.0,0.0,0.0,0.0,0.0,0.0
new jack swing,0.0,0.0,0.0,0.0,0.0,0.0,0.0,0.0,0.0,0.0,0.0,0.0,0.0,0.0,0.0,0.0,0.0,0.0,0.0,0.0,0.03,0.0,0.0,0.01,0.0,0.0,0.0,0.0,0.0,0.0,0.0,0.020202020202020204,0.0,0.0,0.0,0.0,0.0,0.0
old school hip hop,0.0,0.0,0.0,0.0,0.0,0.0,0.0,0.0,0.0,0.0,0.0,0.0,0.0,0.0,0.0,0.0,0.0,0.0,0.0,0.0,0.03,0.015873015873015872,0.0,0.01,0.0,0.0,0.0,0.0,0.0,0.0,0.0,0.030303030303030304,0.0,0.0,0.0,0.0,0.0,0.0
art rock,0.0,0.0,0.0,0.0,0.0,0.0,0.0,0.0,0.0,0.010101010101010102,0.0,0.0,0.0,0.0,0.0,0.0,0.0,0.0,0.0,0.01,0.01,0.0,0.0,0.0,0.0,0.0,0.0,0.0,0.0,0.0,0.0,0.0,0.0,0.0,0.0,0.0,0.0,0.0
symphonic rock,0.0,0.0,0.0,0.0,0.0,0.0,0.0,0.0,0.0,0.010101010101010102,0.0,0.0,0.0,0.0,0.0,0.0,0.0,0.0,0.0,0.01,0.01,0.0,0.0,0.0,0.0,0.0,0.0,0.0,0.0,0.0,0.0,0.0,0.0,0.0,0.0,0.0,0.0,0.0
charlottesville indie,0.0,0.0,0.0,0.0,0.0,0.0,0.0,0.0,0.0,0.0,0.0,0.0,0.0,0.0,0.0,0.0,0.0,0.0,0.0,0.0,0.0,0.0,0.0,0.0,0.0,0.0,0.0,0.0,0.0,0.0,0.0,0.0,0.0,0.0,0.0,0.0,0.0,0.0
puerto rican pop,0.0,0.0,0.0,0.0,0.0,0.0,0.0,0.0,0.0,0.0,0.0,0.0,0.0,0.0,0.0,0.0,0.0,0.0,0.0,0.0,0.0,0.0,0.0,0.0,0.0,0.0,0.0,0.0,0.0,0.0,0.0,0.0,0.022222222222222223,0.0,0.0,0.0,0.0,0.0
native american,0.0,0.0,0.0,0.0,0.0,0.0,0.0,0.0,0.0,0.0,0.0,0.0,0.0,0.0,0.0,0.0,0.0,0.0,0.0,0.0,0.0,0.0,0.0,0.01,0.0,0.0,0.0,0.0,0.0,0.0,0.0,0.0,0.0,0.0,0.0,0.0,0.0,0.0
battle rap,0.0,0.0,0.0,0.0,0.0,0.0,0.0,0.0,0.0,0.0,0.0,0.0,0.0,0.0,0.0,0.0,0.0,0.0,0.0,0.0,0.0,0.0,0.0,0.0,0.0,0.0,0.0,0.0,0.0,0.0,0.0,0.0,0.0,0.0,0.0,0.0,0.0,0.0
classical soprano,0.0,0.0,0.0,0.0,0.0,0.0,0.0,0.0,0.0,0.0,0.0,0.0,0.0,0.0,0.0,0.0,0.0,0.0,0.0,0.0,0.0,0.0,0.0,0.0,0.0,0.0,0.0,0.0,0.0,0.0,0.0,0.0,0.0,0.0,0.0,0.0,0.0,0.0
opera,0.0,0.0,0.0,0.0,0.0,0.0,0.0,0.0,0.0,0.0,0.0,0.0,0.0,0.0,0.0,0.0,0.0,0.0,0.0,0.0,0.0,0.0,0.0,0.0,0.0,0.0,0.0,0.0,0.0,0.0,0.0,0.0,0.0,0.0,0.0,0.0,0.0,0.0
operatic pop,0.0,0.0,0.0,0.0,0.0,0.0,0.0,0.0,0.0,0.0,0.0,0.0,0.0,0.0,0.0,0.0,0.0,0.0,0.0,0.0,0.0,0.0,0.0,0.0,0.0,0.0,0.0,0.0,0.0,0.0,0.0,0.0,0.0,0.0,0.0,0.0,0.0,0.0
classic arab pop,0.0,0.0,0.0,0.0,0.0,0.0,0.0,0.0,0.0,0.0,0.0,0.0,0.0,0.0,0.0,0.0,0.0,0.0,0.0,0.0,0.0,0.0,0.0,0.0,0.0,0.0,0.0,0.0,0.0,0.0,0.0,0.0,0.0,0.0,0.0,0.0,0.0,0.0
rai,0.0,0.0,0.0,0.0,0.0,0.0,0.0,0.0,0.0,0.0,0.0,0.0,0.0,0.0,0.0,0.0,0.0,0.0,0.0,0.0,0.0,0.0,0.0,0.0,0.0,0.0,0.0,0.0,0.0,0.0,0.0,0.0,0.0,0.0,0.0,0.0,0.0,0.0
chanson,0.0,0.0,0.0,0.0,0.0,0.0,0.0,0.0,0.0,0.0,0.0,0.0,0.0,0.0,0.0,0.0,0.0,0.0,0.0,0.0,0.0,0.0,0.0,0.0,0.0,0.0,0.0,0.0,0.0,0.0,0.0,0.0,0.0,0.0,0.0,0.0,0.0,0.0
french movie tunes,0.0,0.0,0.0,0.0,0.0,0.0,0.0,0.0,0.0,0.0,0.0,0.0,0.0,0.0,0.0,0.0,0.0,0.0,0.0,0.0,0.0,0.0,0.0,0.0,0.0,0.0,0.0,0.0,0.0,0.0,0.0,0.0,0.0,0.0,0.0,0.0,0.0,0.0
french hip hop,0.0,0.0,0.0,0.0,0.0,0.0,0.0,0.0,0.0,0.0,0.0,0.0,0.0,0.0,0.0,0.0,0.0,0.0,0.0,0.0,0.0,0.0,0.0,0.0,0.0,0.0,0.0,0.0,0.0,0.0,0.0,0.0,0.0,0.0,0.0,0.0,0.0,0.0
belgian pop,0.0,0.0,0.0,0.0,0.0,0.0,0.0,0.0,0.0,0.0,0.0,0.0,0.0,0.0,0.0,0.0,0.0,0.0,0.0,0.0,0.0,0.0,0.0,0.0,0.0,0.0,0.0,0.0,0.0,0.0,0.0,0.0,0.0,0.0,0.0,0.0,0.0,0.0
french indie pop,0.0,0.0,0.0,0.0,0.0,0.0,0.0,0.0,0.0,0.0,0.0,0.0,0.0,0.0,0.0,0.0,0.0,0.0,0.0,0.0,0.0,0.0,0.0,0.0,0.0,0.0,0.0,0.0,0.0,0.0,0.0,0.0,0.0,0.0,0.0,0.0,0.0,0.0
french rock,0.0,0.0,0.0,0.0,0.0,0.0,0.0,0.0,0.0,0.0,0.0,0.0,0.0,0.0,0.0,0.0,0.0,0.0,0.0,0.0,0.0,0.0,0.0,0.0,0.0,0.0,0.0,0.0,0.0,0.0,0.0,0.0,0.0,0.0,0.0,0.0,0.0,0.0
melancholia,0.0,0.0,0.0,0.0,0.0,0.0,0.0,0.0,0.0,0.0,0.0,0.0,0.0,0.0,0.0,0.0,0.0,0.0,0.0,0.0,0.0,0.0,0.0,0.0,0.0,0.0,0.0,0.0,0.0,0.0,0.01,0.0,0.0,0.0,0.0,0.0,0.0,0.0
deep new americana,0.0,0.0,0.0,0.0,0.0,0.0,0.0,0.0,0.0,0.0,0.0,0.0,0.0,0.0,0.0,0.0,0.0,0.0,0.0,0.0,0.0,0.0,0.0,0.0,0.0,0.0,0.0,0.0,0.0,0.0,0.01,0.0,0.0,0.0,0.0,0.0,0.0,0.0
shimmer pop,0.0,0.0,0.0,0.0,0.0,0.0,0.0,0.0,0.0,0.0,0.0,0.0,0.0,0.0,0.0,0.0,0.0,0.0,0.0,0.0,0.0,0.0,0.0,0.0,0.0,0.0,0.0,0.0,0.0,0.0,0.01,0.0,0.0,0.0,0.0,0.0,0.0,0.0
stomp and whittle,0.0,0.0,0.0,0.0,0.0,0.0,0.0,0.0,0.0,0.0,0.0,0.0,0.0,0.0,0.0,0.0,0.0,0.0,0.0,0.0,0.0,0.0,0.0,0.0,0.0,0.0,0.0,0.0,0.0,0.0,0.01,0.0,0.0,0.0,0.0,0.0,0.0,0.0
modern reggae,0.0,0.0,0.0,0.0,0.0,0.0,0.0,0.0,0.0,0.0,0.0,0.0,0.0,0.0,0.0,0.0,0.0,0.0,0.0,0.0,0.0,0.0,0.0,0.0,0.0,0.0,0.0,0.0,0.0,0.0,0.0,0.0,0.0,0.0,0.0,0.0,0.0,0.0
roots reggae,0.0,0.0,0.0,0.0,0.0,0.0,0.0,0.0,0.0,0.0,0.0,0.0,0.0,0.0,0.0,0.0,0.0,0.0,0.0,0.0,0.0,0.0,0.0,0.0,0.0,0.0,0.0,0.0,0.0,0.0,0.0,0.0,0.0,0.0,0.0,0.0,0.0,0.0
glee club,0.0,0.0,0.0,0.0,0.0,0.0,0.0,0.0,0.0,0.0,0.0,0.0,0.0,0.0,0.0,0.0,0.0,0.0,0.0,0.0,0.0,0.0,0.0,0.0,0.0,0.0,0.0,0.0,0.0,0.0,0.01,0.010101010101010102,0.0,0.0,0.0,0.0,0.0,0.0
britpop,0.0,0.0,0.0,0.0,0.0,0.0,0.0,0.0,0.0,0.0,0.0,0.0,0.0,0.0,0.0,0.0,0.0,0.0,0.0,0.0,0.0,0.0,0.0,0.0,0.0,0.0,0.0,0.0,0.0,0.0,0.0,0.0,0.0,0.0,0.0,0.0,0.0,0.0
hard rock,0.0,0.0,0.0,0.0,0.0,0.0,0.0,0.0,0.0,0.0,0.0,0.010101010101010102,0.0,0.0,0.0,0.0,0.0,0.0,0.0,0.0,0.02,0.0,0.0,0.0,0.0,0.0,0.0,0.0,0.0,0.0,0.0,0.030303030303030304,0.0,0.0,0.0,0.0,0.0,0.0
pinoy hip hop,0.0,0.0,0.0,0.0,0.0,0.0,0.0,0.0,0.0,0.0,0.0,0.0,0.0,0.0,0.0,0.0,0.0,0.0,0.0,0.0,0.0,0.0,0.0,0.0,0.0,0.0,0.0,0.0,0.0,0.0,0.0,0.0,0.0,0.0,0.0,0.0,0.0,0.0
irish singer-songwriter,0.0,0.0,0.0,0.0,0.0,0.0,0.0,0.0,0.0,0.0,0.0,0.0,0.0,0.0,0.0,0.0,0.0,0.0,0.0,0.0,0.0,0.0,0.0,0.0,0.0,0.0,0.0,0.0,0.0,0.0,0.0,0.0,0.0,0.015625,0.0,0.0,0.0,0.0
canadian rock,0.0,0.0,0.0,0.0,0.0,0.0,0.0,0.0,0.0,0.0,0.0,0.0,0.0,0.0,0.0,0.0,0.0,0.0,0.0,0.0,0.0,0.0,0.0,0.0,0.0,0.0,0.0,0.0,0.0,0.0,0.0,0.0,0.0,0.0,0.0,0.0,0.0,0.0
hip house,0.0,0.0,0.0,0.0,0.0,0.0,0.0,0.0,0.0,0.0,0.0,0.0,0.0,0.0,0.0,0.0,0.0,0.0,0.0,0.0,0.02,0.0,0.0,0.0,0.0,0.0,0.0,0.0,0.0,0.0,0.0,0.020202020202020204,0.0,0.0,0.0,0.0,0.0,0.0
houston rap,0.0,0.0,0.0,0.0,0.0,0.0,0.0,0.0,0.0,0.0,0.0,0.0,0.0,0.0,0.0,0.0,0.0,0.0,0.0,0.0,0.0,0.0,0.0,0.0,0.0,0.0,0.0,0.0,0.0,0.0,0.0,0.0,0.0,0.0,0.0,0.0,0.0,0.0
norwegian hip hop,0.0,0.0,0.0,0.0,0.0,0.0,0.0,0.0,0.0,0.0,0.0,0.0,0.0,0.0,0.0,0.0,0.0,0.0,0.0,0.0,0.0,0.0,0.0,0.0,0.0,0.0,0.0,0.0,0.0,0.0,0.0,0.0,0.0,0.0,0.0,0.0,0.0,0.0
turntablism,0.0,0.0,0.0,0.0,0.0,0.0,0.0,0.0,0.0,0.0,0.0,0.0,0.0,0.0,0.0,0.0,0.0,0.0,0.0,0.0,0.0,0.0,0.0,0.0,0.0,0.0,0.0,0.0,0.0,0.0,0.0,0.0,0.0,0.0,0.0,0.0,0.0,0.0
electro,0.0,0.0,0.0,0.0,0.0,0.0,0.0,0.0,0.0,0.0,0.0,0.0,0.0,0.0,0.0,0.0,0.0,0.0,0.0,0.0,0.01,0.0,0.0,0.0,0.0,0.0,0.0,0.0,0.0,0.0,0.0,0.010101010101010102,0.0,0.0,0.0,0.0,0.0,0.0
mexican electronic,0.0,0.0,0.0,0.0,0.0,0.0,0.0,0.0,0.0,0.0,0.0,0.0,0.0,0.0,0.0,0.0,0.0,0.0,0.0,0.0,0.01,0.0,0.0,0.0,0.0,0.0,0.0,0.0,0.0,0.0,0.0,0.010101010101010102,0.0,0.0,0.0,0.0,0.0,0.0
northern soul,0.0,0.0,0.0,0.0,0.0,0.0,0.0,0.0,0.0,0.0,0.0,0.0,0.0,0.0,0.0,0.0,0.0,0.0,0.0,0.0,0.01,0.0,0.0,0.0,0.0,0.0,0.0,0.0,0.0,0.0,0.0,0.010101010101010102,0.0,0.0,0.0,0.0,0.0,0.0
doo-wop,0.0,0.0,0.0,0.0,0.0,0.0,0.0,0.0,0.0,0.0,0.0,0.0,0.0,0.0,0.0,0.0,0.0,0.0,0.0,0.0,0.01,0.0,0.0,0.0,0.0,0.0,0.0,0.0,0.0,0.0,0.0,0.010101010101010102,0.0,0.0,0.0,0.0,0.0,0.0
sunshine pop,0.0,0.0,0.0,0.0,0.0,0.0,0.0,0.0,0.0,0.0,0.0,0.0,0.0,0.0,0.0,0.0,0.0,0.0,0.0,0.0,0.01,0.0,0.0,0.0,0.0,0.0,0.0,0.0,0.0,0.0,0.0,0.010101010101010102,0.0,0.0,0.0,0.0,0.0,0.0
latin viral pop,0.0,0.0,0.0,0.0,0.0,0.0,0.0,0.0,0.0,0.0,0.0,0.0,0.0,0.0,0.0,0.0,0.0,0.0,0.0,0.0,0.0,0.0,0.0,0.0,0.0,0.0,0.0,0.0,0.0,0.0,0.0,0.0,0.0,0.0,0.0,0.0,0.0,0.0
rap latina,0.0,0.0,0.0,0.0,0.0,0.0,0.0,0.0,0.0,0.0,0.0,0.0,0.0,0.0,0.0,0.0,0.0,0.0,0.0,0.0,0.0,0.0,0.0,0.0,0.0,0.0,0.0,0.0,0.0,0.0,0.0,0.0,0.0,0.0,0.0,0.0,0.0,0.0
reggaeton,0.0,0.0,0.0,0.0,0.0,0.0,0.0,0.0,0.0,0.0,0.0,0.0,0.0,0.0,0.0,0.0,0.0,0.0,0.0,0.0,0.0,0.0,0.0,0.0,0.0,0.0,0.0,0.0,0.0,0.0,0.0,0.0,0.0,0.0,0.0,0.0,0.0,0.0
australian children's music,0.0,0.0,0.0,0.0,0.0,0.0,0.0,0.0,0.0,0.0,0.0,0.0,0.0,0.0,0.0,0.0,0.0,0.0,0.0,0.0,0.01,0.0,0.0,0.0,0.0,0.0,0.0,0.0,0.0,0.0,0.0,0.0,0.0,0.0,0.0,0.0,0.0,0.0
nursery,0.0,0.0,0.0,0.0,0.0,0.0,0.0,0.0,0.0,0.0,0.0,0.0,0.0,0.0,0.0,0.0,0.0,0.0,0.0,0.0,0.01,0.0,0.0,0.0,0.0,0.0,0.0,0.0,0.0,0.0,0.0,0.0,0.0,0.0,0.0,0.0,0.0,0.0
jump blues,0.0,0.0,0.0,0.0,0.0,0.0,0.0,0.0,0.0,0.0,0.0,0.0,0.0,0.0,0.0,0.0,0.0,0.0,0.0,0.0,0.0,0.0,0.0,0.0,0.0,0.0,0.0,0.0,0.0,0.0,0.0,0.0,0.0,0.0,0.0,0.0,0.0,0.0
swing,0.0,0.0,0.0,0.0,0.0,0.0,0.0,0.0,0.0,0.0,0.0,0.0,0.0,0.0,0.0,0.0,0.0,0.0,0.0,0.0,0.0,0.0,0.0,0.0,0.0,0.0,0.0,0.0,0.0,0.0,0.0,0.0,0.0,0.0,0.0,0.0,0.0,0.0
dixieland,0.0,0.0,0.0,0.0,0.0,0.0,0.0,0.0,0.0,0.0,0.0,0.0,0.0,0.0,0.0,0.0,0.0,0.0,0.0,0.0,0.0,0.0,0.0,0.0,0.0,0.0,0.0,0.0,0.0,0.0,0.0,0.0,0.0,0.0,0.0,0.0,0.0,0.0
jazz trumpet,0.0,0.0,0.0,0.0,0.0,0.0,0.0,0.0,0.0,0.0,0.0,0.0,0.0,0.0,0.0,0.0,0.0,0.0,0.0,0.0,0.0,0.0,0.0,0.0,0.0,0.0,0.0,0.0,0.0,0.0,0.0,0.0,0.0,0.0,0.0,0.0,0.0,0.0
new orleans jazz,0.0,0.0,0.0,0.0,0.0,0.0,0.0,0.0,0.0,0.0,0.0,0.0,0.0,0.0,0.0,0.0,0.0,0.0,0.0,0.0,0.0,0.0,0.0,0.0,0.0,0.0,0.0,0.0,0.0,0.0,0.0,0.0,0.0,0.0,0.0,0.0,0.0,0.0
glam metal,0.0,0.0,0.0,0.0,0.0,0.0,0.0,0.0,0.0,0.0,0.0,0.0,0.0,0.0,0.0,0.0,0.0,0.0,0.0,0.0,0.0,0.0,0.0,0.0,0.0,0.0,0.0,0.0,0.0,0.0,0.0,0.0,0.0,0.0,0.0,0.0,0.0,0.0
nwobhm,0.0,0.0,0.0,0.0,0.0,0.0,0.0,0.0,0.0,0.0,0.0,0.0,0.0,0.0,0.0,0.0,0.0,0.0,0.0,0.0,0.0,0.0,0.0,0.0,0.0,0.0,0.0,0.0,0.0,0.0,0.0,0.0,0.0,0.0,0.0,0.0,0.0,0.0
heartland rock,0.0,0.0,0.0,0.0,0.0,0.0,0.0,0.0,0.0,0.0,0.0,0.0,0.0,0.0,0.0,0.0,0.0,0.0,0.0,0.0,0.0,0.0,0.0,0.0,0.0,0.0,0.0,0.0,0.0,0.0,0.0,0.0,0.0,0.0,0.0,0.0,0.0,0.0
progressive rock,0.0,0.0,0.0,0.0,0.0,0.0,0.0,0.0,0.0,0.0,0.0,0.0,0.0,0.0,0.0,0.0,0.0,0.0,0.0,0.0,0.0,0.0,0.0,0.0,0.0,0.0,0.0,0.0,0.0,0.0,0.0,0.0,0.0,0.0,0.0,0.0,0.0,0.0
theme,0.0,0.0,0.0,0.0,0.0,0.0,0.0,0.0,0.0,0.0,0.0,0.0,0.0,0.0,0.0,0.0,0.0,0.0,0.0,0.0,0.0,0.0,0.0,0.0,0.0,0.0,0.0,0.0,0.0,0.0,0.0,0.0,0.0,0.0,0.0,0.0,0.0,0.0
kids dance party,0.0,0.0,0.0,0.0,0.0,0.0,0.0,0.0,0.0,0.0,0.0,0.0,0.0,0.0,0.0,0.0,0.0,0.0,0.0,0.0,0.0,0.0,0.0,0.0,0.0,0.0,0.0,0.0,0.0,0.0,0.0,0.0,0.0,0.0,0.0,0.0,0.0,0.0
college a cappella,0.0,0.0,0.0,0.0,0.0,0.0,0.0,0.0,0.0,0.0,0.0,0.0,0.0,0.0,0.0,0.0,0.0,0.0,0.0,0.0,0.0,0.0,0.0,0.01,0.0,0.0,0.0,0.0,0.0,0.0,0.0,0.010101010101010102,0.0,0.0,0.0,0.0,0.0,0.0
Count,34.0,29.0,23.0,29.0,37.0,9.0,58.0,66.0,44.0,99.0,28.0,99.0,100.0,23.0,100.0,84.0,80.0,100.0,100.0,100.0,100.0,63.0,42.0,100.0,9.0,2.0,71.0,100.0,39.0,66.0,100.0,99.0,45.0,64.0,31.0,7.0,99.0,75.0
